"filename", "language", "Shell Script", "JavaScript", "Python", "Java Properties", "Less", "Java", "JavaScript React", "TypeScript React", "Markdown", "TypeScript", "XML", "JSON", "HTML", "CSS", "JSON with Comments", "Properties", "comment", "blank", "total"
"/home/lewis/winterwell/my-loop/.eslintrc.js", "JavaScript", 0, 197, 0, 0, 0, 0, 0, 0, 0, 0, 0, 0, 0, 0, 0, 0, 0, 1, 198
"/home/lewis/winterwell/my-loop/GLAppManifest.js", "JavaScript", 0, 12, 0, 0, 0, 0, 0, 0, 0, 0, 0, 0, 0, 0, 0, 0, 3, 2, 17
"/home/lewis/winterwell/my-loop/README.md", "Markdown", 0, 0, 0, 0, 0, 0, 0, 0, 9, 0, 0, 0, 0, 0, 0, 0, 0, 5, 14
"/home/lewis/winterwell/my-loop/builder/com/goodloop/myloop/BuildMyLoop.java", "Java", 0, 0, 0, 0, 0, 10, 0, 0, 0, 0, 0, 0, 0, 0, 0, 0, 0, 5, 15
"/home/lewis/winterwell/my-loop/config/Lewis-GoodLoop.js", "JavaScript", 0, 17, 0, 0, 0, 0, 0, 0, 0, 0, 0, 0, 0, 0, 0, 0, 6, 3, 26
"/home/lewis/winterwell/my-loop/config/baker.js", "JavaScript", 0, 9, 0, 0, 0, 0, 0, 0, 0, 0, 0, 0, 0, 0, 0, 0, 4, 4, 17
"/home/lewis/winterwell/my-loop/config/enchantedtray.js", "JavaScript", 0, 14, 0, 0, 0, 0, 0, 0, 0, 0, 0, 0, 0, 0, 0, 0, 9, 4, 27
"/home/lewis/winterwell/my-loop/config/geoff-vm.js", "JavaScript", 0, 14, 0, 0, 0, 0, 0, 0, 0, 0, 0, 0, 0, 0, 0, 0, 7, 3, 24
"/home/lewis/winterwell/my-loop/config/gravitas.js", "JavaScript", 0, 15, 0, 0, 0, 0, 0, 0, 0, 0, 0, 0, 0, 0, 0, 0, 8, 4, 27
"/home/lewis/winterwell/my-loop/config/jerbil.properties", "Java Properties", 0, 0, 0, 3, 0, 0, 0, 0, 0, 0, 0, 0, 0, 0, 0, 0, 1, 0, 4
"/home/lewis/winterwell/my-loop/config/myloop.properties", "Java Properties", 0, 0, 0, 1, 0, 0, 0, 0, 0, 0, 0, 0, 0, 0, 0, 0, 0, 1, 2
"/home/lewis/winterwell/my-loop/config/pinkthad.js", "JavaScript", 0, 16, 0, 0, 0, 0, 0, 0, 0, 0, 0, 0, 0, 0, 0, 0, 8, 4, 28
"/home/lewis/winterwell/my-loop/config/vdurkin-gl.js", "JavaScript", 0, 17, 0, 0, 0, 0, 0, 0, 0, 0, 0, 0, 0, 0, 0, 0, 7, 4, 28
"/home/lewis/winterwell/my-loop/config/vera-HP-EliteBook-830-G6.js", "JavaScript", 0, 17, 0, 0, 0, 0, 0, 0, 0, 0, 0, 0, 0, 0, 0, 0, 10, 4, 31
"/home/lewis/winterwell/my-loop/config/wingpad.js", "JavaScript", 0, 17, 0, 0, 0, 0, 0, 0, 0, 0, 0, 0, 0, 0, 0, 0, 7, 3, 27
"/home/lewis/winterwell/my-loop/gitstamp.sh", "Shell Script", 17, 0, 0, 0, 0, 0, 0, 0, 0, 0, 0, 0, 0, 0, 0, 0, 4, 3, 24
"/home/lewis/winterwell/my-loop/jest-puppeteer.config.js", "JavaScript", 0, 9, 0, 0, 0, 0, 0, 0, 0, 0, 0, 0, 0, 0, 0, 0, 0, 2, 11
"/home/lewis/winterwell/my-loop/package.json", "JSON", 0, 0, 0, 0, 0, 0, 0, 0, 0, 0, 0, 98, 0, 0, 0, 0, 0, 1, 99
"/home/lewis/winterwell/my-loop/pages/green/index.md", "Markdown", 0, 0, 0, 0, 0, 0, 0, 0, 4, 0, 0, 0, 0, 0, 0, 0, 0, 3, 7
"/home/lewis/winterwell/my-loop/pages/ourstory.md", "Markdown", 0, 0, 0, 0, 0, 0, 0, 0, 2, 0, 0, 0, 0, 0, 0, 0, 0, 1, 3
"/home/lewis/winterwell/my-loop/production.server.project.builder.sh", "Shell Script", 12, 0, 0, 0, 0, 0, 0, 0, 0, 0, 0, 0, 0, 0, 0, 0, 1, 0, 13
"/home/lewis/winterwell/my-loop/runtest.js", "JavaScript", 0, 92, 0, 0, 0, 0, 0, 0, 0, 0, 0, 0, 0, 0, 0, 0, 22, 15, 129
"/home/lewis/winterwell/my-loop/runtestconfig.js", "JavaScript", 0, 16, 0, 0, 0, 0, 0, 0, 0, 0, 0, 0, 0, 0, 0, 0, 3, 4, 23
"/home/lewis/winterwell/my-loop/src/java/com/goodloop/myloop/MetaHtmlServlet.java", "Java", 0, 0, 0, 0, 0, 225, 0, 0, 0, 0, 0, 0, 0, 0, 0, 0, 49, 33, 307
"/home/lewis/winterwell/my-loop/src/java/com/goodloop/myloop/MyLoopMain.java", "Java", 0, 0, 0, 0, 0, 18, 0, 0, 0, 0, 0, 0, 0, 0, 0, 0, 3, 5, 26
"/home/lewis/winterwell/my-loop/src/js/C.js", "JavaScript", 0, 17, 0, 0, 0, 0, 0, 0, 0, 0, 0, 0, 0, 0, 0, 0, 10, 8, 35
"/home/lewis/winterwell/my-loop/src/js/CardEditorPage.jsx", "JavaScript React", 0, 0, 0, 0, 0, 0, 144, 0, 0, 0, 0, 0, 0, 0, 0, 0, 8, 23, 175
"/home/lewis/winterwell/my-loop/src/js/CardPage.jsx", "JavaScript React", 0, 0, 0, 0, 0, 0, 19, 0, 0, 0, 0, 0, 0, 0, 0, 0, 1, 7, 27
"/home/lewis/winterwell/my-loop/src/js/MiscOverrides.jsx", "JavaScript React", 0, 0, 0, 0, 0, 0, 8, 0, 0, 0, 0, 0, 0, 0, 0, 0, 1, 4, 13
"/home/lewis/winterwell/my-loop/src/js/README.md", "Markdown", 0, 0, 0, 0, 0, 0, 0, 0, 6, 0, 0, 0, 0, 0, 0, 0, 0, 3, 9
"/home/lewis/winterwell/my-loop/src/js/app.jsx", "JavaScript React", 0, 0, 0, 0, 0, 0, 12, 0, 0, 0, 0, 0, 0, 0, 0, 0, 3, 6, 21
"/home/lewis/winterwell/my-loop/src/js/base/CBase.js", "JavaScript", 0, 42, 0, 0, 0, 0, 0, 0, 0, 0, 0, 0, 0, 0, 0, 0, 38, 12, 92
"/home/lewis/winterwell/my-loop/src/js/base/Profiler.js", "JavaScript", 0, 0, 0, 0, 0, 0, 0, 0, 0, 0, 0, 0, 0, 0, 0, 0, 1, 0, 1
"/home/lewis/winterwell/my-loop/src/js/base/Roles.js", "JavaScript", 0, 103, 0, 0, 0, 0, 0, 0, 0, 0, 0, 0, 0, 0, 0, 0, 43, 12, 158
"/home/lewis/winterwell/my-loop/src/js/base/Settings.js", "JavaScript", 0, 7, 0, 0, 0, 0, 0, 0, 0, 0, 0, 0, 0, 0, 0, 0, 4, 3, 14
"/home/lewis/winterwell/my-loop/src/js/base/Shares.js", "JavaScript", 0, 100, 0, 0, 0, 0, 0, 0, 0, 0, 0, 0, 0, 0, 0, 0, 59, 17, 176
"/home/lewis/winterwell/my-loop/src/js/base/components/AboutPage.jsx", "JavaScript React", 0, 0, 0, 0, 0, 0, 65, 0, 0, 0, 0, 0, 0, 0, 0, 0, 28, 23, 116
"/home/lewis/winterwell/my-loop/src/js/base/components/AccountMenu.jsx", "JavaScript React", 0, 0, 0, 0, 0, 0, 58, 0, 0, 0, 0, 0, 0, 0, 0, 0, 13, 10, 81
"/home/lewis/winterwell/my-loop/src/js/base/components/AccountPageWidgets.jsx", "JavaScript React", 0, 0, 0, 0, 0, 0, 52, 0, 0, 0, 0, 0, 0, 0, 0, 0, 4, 11, 67
"/home/lewis/winterwell/my-loop/src/js/base/components/BG.jsx", "JavaScript React", 0, 0, 0, 0, 0, 0, 50, 0, 0, 0, 0, 0, 0, 0, 0, 0, 26, 4, 80
"/home/lewis/winterwell/my-loop/src/js/base/components/BSCarousel.jsx", "JavaScript React", 0, 0, 0, 0, 0, 0, 51, 0, 0, 0, 0, 0, 0, 0, 0, 0, 13, 9, 73
"/home/lewis/winterwell/my-loop/src/js/base/components/CSS.jsx", "JavaScript React", 0, 0, 0, 0, 0, 0, 5, 0, 0, 0, 0, 0, 0, 0, 0, 0, 29, 6, 40
"/home/lewis/winterwell/my-loop/src/js/base/components/CardAccordion.jsx", "JavaScript React", 0, 0, 0, 0, 0, 0, 80, 0, 0, 0, 0, 0, 0, 0, 0, 0, 42, 24, 146
"/home/lewis/winterwell/my-loop/src/js/base/components/ChartWidget.jsx", "JavaScript React", 0, 0, 0, 0, 0, 0, 121, 0, 0, 0, 0, 0, 0, 0, 0, 0, 45, 19, 185
"/home/lewis/winterwell/my-loop/src/js/base/components/Circle.jsx", "JavaScript React", 0, 0, 0, 0, 0, 0, 17, 0, 0, 0, 0, 0, 0, 0, 0, 0, 7, 4, 28
"/home/lewis/winterwell/my-loop/src/js/base/components/CloseButton.jsx", "JavaScript React", 0, 0, 0, 0, 0, 0, 8, 0, 0, 0, 0, 0, 0, 0, 0, 0, 6, 4, 18
"/home/lewis/winterwell/my-loop/src/js/base/components/Colour.jsx", "JavaScript React", 0, 0, 0, 0, 0, 0, 50, 0, 0, 0, 0, 0, 0, 0, 0, 0, 21, 15, 86
"/home/lewis/winterwell/my-loop/src/js/base/components/CopyButton.jsx", "JavaScript React", 0, 0, 0, 0, 0, 0, 13, 0, 0, 0, 0, 0, 0, 0, 0, 0, 0, 5, 18
"/home/lewis/winterwell/my-loop/src/js/base/components/Counter.jsx", "JavaScript React", 0, 0, 0, 0, 0, 0, 82, 0, 0, 0, 0, 0, 0, 0, 0, 0, 48, 16, 146
"/home/lewis/winterwell/my-loop/src/js/base/components/CustomHooks.jsx", "JavaScript React", 0, 0, 0, 0, 0, 0, 46, 0, 0, 0, 0, 0, 0, 0, 0, 0, 16, 17, 79
"/home/lewis/winterwell/my-loop/src/js/base/components/DataItemBadge.jsx", "JavaScript React", 0, 0, 0, 0, 0, 0, 23, 0, 0, 0, 0, 0, 0, 0, 0, 0, 17, 10, 50
"/home/lewis/winterwell/my-loop/src/js/base/components/DragDrop.jsx", "JavaScript React", 0, 0, 0, 0, 0, 0, 223, 0, 0, 0, 0, 0, 0, 0, 0, 0, 91, 32, 346
"/home/lewis/winterwell/my-loop/src/js/base/components/DynImg.jsx", "JavaScript React", 0, 0, 0, 0, 0, 0, 129, 0, 0, 0, 0, 0, 0, 0, 0, 0, 74, 31, 234
"/home/lewis/winterwell/my-loop/src/js/base/components/E404Page.jsx", "JavaScript React", 0, 0, 0, 0, 0, 0, 12, 0, 0, 0, 0, 0, 0, 0, 0, 0, 0, 5, 17
"/home/lewis/winterwell/my-loop/src/js/base/components/Editor3ColLayout.jsx", "JavaScript React", 0, 0, 0, 0, 0, 0, 47, 0, 0, 0, 0, 0, 0, 0, 0, 0, 11, 6, 64
"/home/lewis/winterwell/my-loop/src/js/base/components/ErrAlert.jsx", "JavaScript React", 0, 0, 0, 0, 0, 0, 23, 0, 0, 0, 0, 0, 0, 0, 0, 0, 7, 3, 33
"/home/lewis/winterwell/my-loop/src/js/base/components/ErrBoundary.jsx", "JavaScript React", 0, 0, 0, 0, 0, 0, 27, 0, 0, 0, 0, 0, 0, 0, 0, 0, 7, 7, 41
"/home/lewis/winterwell/my-loop/src/js/base/components/FilterUI.jsx", "JavaScript React", 0, 0, 0, 0, 0, 0, 55, 0, 0, 0, 0, 0, 0, 0, 0, 0, 27, 8, 90
"/home/lewis/winterwell/my-loop/src/js/base/components/GoodLoopUnit.jsx", "JavaScript React", 0, 0, 0, 0, 0, 0, 146, 0, 0, 0, 0, 0, 0, 0, 0, 0, 84, 45, 275
"/home/lewis/winterwell/my-loop/src/js/base/components/IFrameWidget.jsx", "JavaScript React", 0, 0, 0, 0, 0, 0, 83, 0, 0, 0, 0, 0, 0, 0, 0, 0, 57, 27, 167
"/home/lewis/winterwell/my-loop/src/js/base/components/Icon.jsx", "JavaScript React", 0, 0, 0, 0, 0, 0, 67, 0, 0, 0, 0, 0, 0, 0, 0, 0, 22, 6, 95
"/home/lewis/winterwell/my-loop/src/js/base/components/LinkOut.jsx", "JavaScript React", 0, 0, 0, 0, 0, 0, 28, 0, 0, 0, 0, 0, 0, 0, 0, 0, 13, 5, 46
"/home/lewis/winterwell/my-loop/src/js/base/components/ListLoad.jsx", "JavaScript React", 0, 0, 0, 0, 0, 0, 381, 0, 0, 0, 0, 0, 0, 0, 0, 0, 165, 43, 589
"/home/lewis/winterwell/my-loop/src/js/base/components/LivePreviewable.jsx", "JavaScript React", 0, 0, 0, 0, 0, 0, 22, 0, 0, 0, 0, 0, 0, 0, 0, 0, 14, 9, 45
"/home/lewis/winterwell/my-loop/src/js/base/components/LoginWidget.jsx", "JavaScript React", 0, 0, 0, 0, 0, 0, 349, 0, 0, 0, 0, 0, 0, 0, 0, 0, 56, 68, 473
"/home/lewis/winterwell/my-loop/src/js/base/components/Logo.jsx", "JavaScript React", 0, 0, 0, 0, 0, 0, 24, 0, 0, 0, 0, 0, 0, 0, 0, 0, 11, 11, 46
"/home/lewis/winterwell/my-loop/src/js/base/components/MDText.jsx", "JavaScript React", 0, 0, 0, 0, 0, 0, 60, 0, 0, 0, 0, 0, 0, 0, 0, 0, 17, 7, 84
"/home/lewis/winterwell/my-loop/src/js/base/components/MailTo.jsx", "JavaScript React", 0, 0, 0, 0, 0, 0, 8, 0, 0, 0, 0, 0, 0, 0, 0, 0, 6, 3, 17
"/home/lewis/winterwell/my-loop/src/js/base/components/MainDivBase.jsx", "JavaScript React", 0, 0, 0, 0, 0, 0, 199, 0, 0, 0, 0, 0, 0, 0, 0, 0, 78, 31, 308
"/home/lewis/winterwell/my-loop/src/js/base/components/MessageBar.jsx", "JavaScript React", 0, 0, 0, 0, 0, 0, 36, 0, 0, 0, 0, 0, 0, 0, 0, 0, 11, 10, 57
"/home/lewis/winterwell/my-loop/src/js/base/components/Misc.jsx", "JavaScript React", 0, 0, 0, 0, 0, 0, 522, 0, 0, 0, 0, 0, 0, 0, 0, 0, 55, 35, 612
"/home/lewis/winterwell/my-loop/src/js/base/components/NGODescription.jsx", "JavaScript React", 0, 0, 0, 0, 0, 0, 16, 0, 0, 0, 0, 0, 0, 0, 0, 0, 8, 8, 32
"/home/lewis/winterwell/my-loop/src/js/base/components/NGOImage.jsx", "JavaScript React", 0, 0, 0, 0, 0, 0, 53, 0, 0, 0, 0, 0, 0, 0, 0, 0, 19, 9, 81
"/home/lewis/winterwell/my-loop/src/js/base/components/NavBar.jsx", "JavaScript React", 0, 0, 0, 0, 0, 0, 192, 0, 0, 0, 0, 0, 0, 0, 0, 0, 71, 28, 291
"/home/lewis/winterwell/my-loop/src/js/base/components/NewChartWidget.jsx", "JavaScript React", 0, 0, 0, 0, 0, 0, 64, 0, 0, 0, 0, 0, 0, 0, 0, 0, 21, 8, 93
"/home/lewis/winterwell/my-loop/src/js/base/components/PNGDownloadButton.jsx", "JavaScript React", 0, 0, 0, 0, 0, 0, 48, 0, 0, 0, 0, 0, 0, 0, 0, 0, 26, 8, 82
"/home/lewis/winterwell/my-loop/src/js/base/components/PageCard.jsx", "JavaScript React", 0, 0, 0, 0, 0, 0, 15, 0, 0, 0, 0, 0, 0, 0, 0, 0, 9, 5, 29
"/home/lewis/winterwell/my-loop/src/js/base/components/PaymentWidget.jsx", "JavaScript React", 0, 0, 0, 0, 0, 0, 262, 0, 0, 0, 0, 0, 0, 0, 0, 0, 65, 44, 371
"/home/lewis/winterwell/my-loop/src/js/base/components/PortalLink.jsx", "JavaScript React", 0, 0, 0, 0, 0, 0, 27, 0, 0, 0, 0, 0, 0, 0, 0, 0, 10, 6, 43
"/home/lewis/winterwell/my-loop/src/js/base/components/PropControl.jsx", "JavaScript React", 0, 0, 0, 0, 0, 0, 827, 0, 0, 0, 0, 0, 0, 0, 0, 0, 381, 193, 1401
"/home/lewis/winterwell/my-loop/src/js/base/components/SavePublishDeleteEtc.jsx", "JavaScript React", 0, 0, 0, 0, 0, 0, 235, 0, 0, 0, 0, 0, 0, 0, 0, 0, 84, 40, 359
"/home/lewis/winterwell/my-loop/src/js/base/components/Scroll.jsx", "JavaScript React", 0, 0, 0, 0, 0, 0, 15, 0, 0, 0, 0, 0, 0, 0, 0, 0, 5, 3, 23
"/home/lewis/winterwell/my-loop/src/js/base/components/ShareWidget.jsx", "JavaScript React", 0, 0, 0, 0, 0, 0, 203, 0, 0, 0, 0, 0, 0, 0, 0, 0, 52, 38, 293
"/home/lewis/winterwell/my-loop/src/js/base/components/SignatureSVG.jsx", "JavaScript React", 0, 0, 0, 0, 0, 0, 37, 0, 0, 0, 0, 0, 0, 0, 0, 0, 1, 3, 41
"/home/lewis/winterwell/my-loop/src/js/base/components/SimpleTable.jsx", "JavaScript React", 0, 0, 0, 0, 0, 0, 120, 0, 0, 0, 0, 0, 0, 0, 0, 0, 888, 41, 1049
"/home/lewis/winterwell/my-loop/src/js/base/components/SocialShare.jsx", "JavaScript React", 0, 0, 0, 0, 0, 0, 36, 0, 0, 0, 0, 0, 0, 0, 0, 0, 11, 10, 57
"/home/lewis/winterwell/my-loop/src/js/base/components/StyleBlock.jsx", "JavaScript React", 0, 0, 0, 0, 0, 0, 5, 0, 0, 0, 0, 0, 0, 0, 0, 0, 6, 2, 13
"/home/lewis/winterwell/my-loop/src/js/base/components/SubCard.jsx", "JavaScript React", 0, 0, 0, 0, 0, 0, 7, 0, 0, 0, 0, 0, 0, 0, 0, 0, 3, 2, 12
"/home/lewis/winterwell/my-loop/src/js/base/components/Tabs.jsx", "JavaScript React", 0, 0, 0, 0, 0, 0, 45, 0, 0, 0, 0, 0, 0, 0, 0, 0, 14, 7, 66
"/home/lewis/winterwell/my-loop/src/js/base/components/TaskList.jsx", "JavaScript React", 0, 0, 0, 0, 0, 0, 173, 0, 0, 0, 0, 0, 0, 0, 0, 0, 58, 28, 259
"/home/lewis/winterwell/my-loop/src/js/base/components/TestPage.jsx", "JavaScript React", 0, 0, 0, 0, 0, 0, 24, 0, 0, 0, 0, 0, 0, 0, 0, 0, 12, 11, 47
"/home/lewis/winterwell/my-loop/src/js/base/components/WizardProgressWidget.jsx", "JavaScript React", 0, 0, 0, 0, 0, 0, 158, 0, 0, 0, 0, 0, 0, 0, 0, 0, 63, 21, 242
"/home/lewis/winterwell/my-loop/src/js/base/components/Wrap.jsx", "JavaScript React", 0, 0, 0, 0, 0, 0, 8, 0, 0, 0, 0, 0, 0, 0, 0, 0, 6, 3, 17
"/home/lewis/winterwell/my-loop/src/js/base/components/propcontrols/PropControlAutoComplete.jsx", "JavaScript React", 0, 0, 0, 0, 0, 0, 58, 0, 0, 0, 0, 0, 0, 0, 0, 0, 22, 19, 99
"/home/lewis/winterwell/my-loop/src/js/base/components/propcontrols/PropControlCode.jsx", "JavaScript React", 0, 0, 0, 0, 0, 0, 63, 0, 0, 0, 0, 0, 0, 0, 0, 0, 7, 13, 83
"/home/lewis/winterwell/my-loop/src/js/base/components/propcontrols/PropControlDataItem.jsx", "JavaScript React", 0, 0, 0, 0, 0, 0, 118, 0, 0, 0, 0, 0, 0, 0, 0, 0, 50, 20, 188
"/home/lewis/winterwell/my-loop/src/js/base/components/propcontrols/PropControlDataItemList.jsx", "JavaScript React", 0, 0, 0, 0, 0, 0, 73, 0, 0, 0, 0, 0, 0, 0, 0, 0, 25, 13, 111
"/home/lewis/winterwell/my-loop/src/js/base/components/propcontrols/PropControlDate.jsx", "JavaScript React", 0, 0, 0, 0, 0, 0, 45, 0, 0, 0, 0, 0, 0, 0, 0, 0, 53, 16, 114
"/home/lewis/winterwell/my-loop/src/js/base/components/propcontrols/PropControlDt.jsx", "JavaScript React", 0, 0, 0, 0, 0, 0, 27, 0, 0, 0, 0, 0, 0, 0, 0, 0, 10, 11, 48
"/home/lewis/winterwell/my-loop/src/js/base/components/propcontrols/PropControlEgo.jsx", "JavaScript React", 0, 0, 0, 0, 0, 0, 14, 0, 0, 0, 0, 0, 0, 0, 0, 0, 134, 37, 185
"/home/lewis/winterwell/my-loop/src/js/base/components/propcontrols/PropControlImg.jsx", "JavaScript React", 0, 0, 0, 0, 0, 0, 17, 0, 0, 0, 0, 0, 0, 0, 0, 0, 0, 8, 25
"/home/lewis/winterwell/my-loop/src/js/base/components/propcontrols/PropControlList.jsx", "JavaScript React", 0, 0, 0, 0, 0, 0, 91, 0, 0, 0, 0, 0, 0, 0, 0, 0, 25, 26, 142
"/home/lewis/winterwell/my-loop/src/js/base/components/propcontrols/PropControlMediaObject.jsx", "JavaScript React", 0, 0, 0, 0, 0, 0, 19, 0, 0, 0, 0, 0, 0, 0, 0, 0, 6, 6, 31
"/home/lewis/winterwell/my-loop/src/js/base/components/propcontrols/PropControlMoney.jsx", "JavaScript React", 0, 0, 0, 0, 0, 0, 87, 0, 0, 0, 0, 0, 0, 0, 0, 0, 23, 12, 122
"/home/lewis/winterwell/my-loop/src/js/base/components/propcontrols/PropControlPeriod.jsx", "JavaScript React", 0, 0, 0, 0, 0, 0, 88, 0, 0, 0, 0, 0, 0, 0, 0, 0, 27, 8, 123
"/home/lewis/winterwell/my-loop/src/js/base/components/propcontrols/PropControlPerson.jsx", "JavaScript React", 0, 0, 0, 0, 0, 0, 13, 0, 0, 0, 0, 0, 0, 0, 0, 0, 3, 5, 21
"/home/lewis/winterwell/my-loop/src/js/base/components/propcontrols/PropControlPills.jsx", "JavaScript React", 0, 0, 0, 0, 0, 0, 51, 0, 0, 0, 0, 0, 0, 0, 0, 0, 13, 9, 73
"/home/lewis/winterwell/my-loop/src/js/base/components/propcontrols/PropControlPlace.jsx", "JavaScript React", 0, 0, 0, 0, 0, 0, 26, 0, 0, 0, 0, 0, 0, 0, 0, 0, 6, 9, 41
"/home/lewis/winterwell/my-loop/src/js/base/components/propcontrols/PropControlQuotation.jsx", "JavaScript React", 0, 0, 0, 0, 0, 0, 19, 0, 0, 0, 0, 0, 0, 0, 0, 0, 3, 4, 26
"/home/lewis/winterwell/my-loop/src/js/base/components/propcontrols/PropControlSelection.jsx", "JavaScript React", 0, 0, 0, 0, 0, 0, 63, 0, 0, 0, 0, 0, 0, 0, 0, 0, 29, 17, 109
"/home/lewis/winterwell/my-loop/src/js/base/components/propcontrols/PropControlToggle.jsx", "JavaScript React", 0, 0, 0, 0, 0, 0, 57, 0, 0, 0, 0, 0, 0, 0, 0, 0, 18, 13, 88
"/home/lewis/winterwell/my-loop/src/js/base/components/propcontrols/PropControlUpload.jsx", "JavaScript React", 0, 0, 0, 0, 0, 0, 199, 0, 0, 0, 0, 0, 0, 0, 0, 0, 59, 46, 304
"/home/lewis/winterwell/my-loop/src/js/base/components/propcontrols/PropControlUrl.jsx", "JavaScript React", 0, 0, 0, 0, 0, 0, 16, 0, 0, 0, 0, 0, 0, 0, 0, 0, 2, 7, 25
"/home/lewis/winterwell/my-loop/src/js/base/components/propcontrols/PropControls.jsx", "JavaScript React", 0, 0, 0, 0, 0, 0, 13, 0, 0, 0, 0, 0, 0, 0, 0, 0, 10, 5, 28
"/home/lewis/winterwell/my-loop/src/js/base/components/propcontrols/Tags.jsx", "JavaScript React", 0, 0, 0, 0, 0, 0, 0, 0, 0, 0, 0, 0, 0, 0, 0, 0, 195, 36, 231
"/home/lewis/winterwell/my-loop/src/js/base/components/propcontrols/UserClaimControl.jsx", "JavaScript React", 0, 0, 0, 0, 0, 0, 165, 0, 0, 0, 0, 0, 0, 0, 0, 0, 65, 23, 253
"/home/lewis/winterwell/my-loop/src/js/base/components/propcontrols/validators.js", "JavaScript", 0, 18, 0, 0, 0, 0, 0, 0, 0, 0, 0, 0, 0, 0, 0, 0, 3, 4, 25
"/home/lewis/winterwell/my-loop/src/js/base/data/AThing.js", "JavaScript", 0, 7, 0, 0, 0, 0, 0, 0, 0, 0, 0, 0, 0, 0, 0, 0, 14, 5, 26
"/home/lewis/winterwell/my-loop/src/js/base/data/Advert.js", "JavaScript", 0, 84, 0, 0, 0, 0, 0, 0, 0, 0, 0, 0, 0, 0, 0, 0, 50, 21, 155
"/home/lewis/winterwell/my-loop/src/js/base/data/Advertiser.js", "JavaScript", 0, 40, 0, 0, 0, 0, 0, 0, 0, 0, 0, 0, 0, 0, 0, 0, 24, 8, 72
"/home/lewis/winterwell/my-loop/src/js/base/data/Agency.js", "JavaScript", 0, 22, 0, 0, 0, 0, 0, 0, 0, 0, 0, 0, 0, 0, 0, 0, 10, 4, 36
"/home/lewis/winterwell/my-loop/src/js/base/data/BlogPost.js", "JavaScript", 0, 23, 0, 0, 0, 0, 0, 0, 0, 0, 0, 0, 0, 0, 0, 0, 18, 12, 53
"/home/lewis/winterwell/my-loop/src/js/base/data/Branding.js", "JavaScript", 0, 36, 0, 0, 0, 0, 0, 0, 0, 0, 0, 0, 0, 0, 0, 0, 33, 21, 90
"/home/lewis/winterwell/my-loop/src/js/base/data/Campaign.js", "JavaScript", 0, 418, 0, 0, 0, 0, 0, 0, 0, 0, 0, 0, 0, 0, 0, 0, 252, 72, 742
"/home/lewis/winterwell/my-loop/src/js/base/data/Chat.js", "JavaScript", 0, 41, 0, 0, 0, 0, 0, 0, 0, 0, 0, 0, 0, 0, 0, 0, 18, 13, 72
"/home/lewis/winterwell/my-loop/src/js/base/data/Claim.js", "JavaScript", 0, 66, 0, 0, 0, 0, 0, 0, 0, 0, 0, 0, 0, 0, 0, 0, 53, 11, 130
"/home/lewis/winterwell/my-loop/src/js/base/data/CountryRegion.js", "JavaScript", 0, 502, 0, 0, 0, 0, 0, 0, 0, 0, 0, 0, 0, 0, 0, 0, 0, 1, 503
"/home/lewis/winterwell/my-loop/src/js/base/data/DataClass.js", "JavaScript", 0, 158, 0, 0, 0, 0, 0, 0, 0, 0, 0, 0, 0, 0, 0, 0, 163, 32, 353
"/home/lewis/winterwell/my-loop/src/js/base/data/Dt.ts", "TypeScript", 0, 0, 0, 0, 0, 0, 0, 0, 0, 19, 0, 0, 0, 0, 0, 0, 0, 8, 27
"/home/lewis/winterwell/my-loop/src/js/base/data/Ego.js", "JavaScript", 0, 0, 0, 0, 0, 0, 0, 0, 0, 0, 0, 0, 0, 0, 0, 0, 57, 15, 72
"/home/lewis/winterwell/my-loop/src/js/base/data/FilterButton.js", "JavaScript", 0, 8, 0, 0, 0, 0, 0, 0, 0, 0, 0, 0, 0, 0, 0, 0, 4, 3, 15
"/home/lewis/winterwell/my-loop/src/js/base/data/GreenTag.js", "JavaScript", 0, 106, 0, 0, 0, 0, 0, 0, 0, 0, 0, 0, 0, 0, 0, 0, 46, 18, 170
"/home/lewis/winterwell/my-loop/src/js/base/data/ImageObject.js", "JavaScript", 0, 11, 0, 0, 0, 0, 0, 0, 0, 0, 0, 0, 0, 0, 0, 0, 5, 4, 20
"/home/lewis/winterwell/my-loop/src/js/base/data/Impact.js", "JavaScript", 0, 38, 0, 0, 0, 0, 0, 0, 0, 0, 0, 0, 0, 0, 0, 0, 21, 8, 67
"/home/lewis/winterwell/my-loop/src/js/base/data/JSend.js", "JavaScript", 0, 47, 0, 0, 0, 0, 0, 0, 0, 0, 0, 0, 0, 0, 0, 0, 55, 15, 117
"/home/lewis/winterwell/my-loop/src/js/base/data/KStatus.js", "JavaScript", 0, 3, 0, 0, 0, 0, 0, 0, 0, 0, 0, 0, 0, 0, 0, 0, 7, 4, 14
"/home/lewis/winterwell/my-loop/src/js/base/data/Link.js", "JavaScript", 0, 5, 0, 0, 0, 0, 0, 0, 0, 0, 0, 0, 0, 0, 0, 0, 5, 6, 16
"/home/lewis/winterwell/my-loop/src/js/base/data/List.js", "JavaScript", 0, 69, 0, 0, 0, 0, 0, 0, 0, 0, 0, 0, 0, 0, 0, 0, 58, 15, 142
"/home/lewis/winterwell/my-loop/src/js/base/data/Money.js", "JavaScript", 0, 302, 0, 0, 0, 0, 0, 0, 0, 0, 0, 0, 0, 0, 0, 0, 172, 51, 525
"/home/lewis/winterwell/my-loop/src/js/base/data/MoneyItem.js", "JavaScript", 0, 12, 0, 0, 0, 0, 0, 0, 0, 0, 0, 0, 0, 0, 0, 0, 4, 3, 19
"/home/lewis/winterwell/my-loop/src/js/base/data/Msg.js", "JavaScript", 0, 26, 0, 0, 0, 0, 0, 0, 0, 0, 0, 0, 0, 0, 0, 0, 2, 7, 35
"/home/lewis/winterwell/my-loop/src/js/base/data/NGO.js", "JavaScript", 0, 107, 0, 0, 0, 0, 0, 0, 0, 0, 0, 0, 0, 0, 0, 0, 28, 18, 153
"/home/lewis/winterwell/my-loop/src/js/base/data/Person.js", "JavaScript", 0, 388, 0, 0, 0, 0, 0, 0, 0, 0, 0, 0, 0, 0, 0, 0, 267, 60, 715
"/home/lewis/winterwell/my-loop/src/js/base/data/README.md", "Markdown", 0, 0, 0, 0, 0, 0, 0, 0, 7, 0, 0, 0, 0, 0, 0, 0, 0, 5, 12
"/home/lewis/winterwell/my-loop/src/js/base/data/Share.js", "JavaScript", 0, 12, 0, 0, 0, 0, 0, 0, 0, 0, 0, 0, 0, 0, 0, 0, 13, 6, 31
"/home/lewis/winterwell/my-loop/src/js/base/data/T4GTheme.js", "JavaScript", 0, 16, 0, 0, 0, 0, 0, 0, 0, 0, 0, 0, 0, 0, 0, 0, 1, 3, 20
"/home/lewis/winterwell/my-loop/src/js/base/data/Task.js", "JavaScript", 0, 63, 0, 0, 0, 0, 0, 0, 0, 0, 0, 0, 0, 0, 0, 0, 27, 16, 106
"/home/lewis/winterwell/my-loop/src/js/base/data/Transfer.js", "JavaScript", 0, 45, 0, 0, 0, 0, 0, 0, 0, 0, 0, 0, 0, 0, 0, 0, 13, 6, 64
"/home/lewis/winterwell/my-loop/src/js/base/data/Tree.js", "JavaScript", 0, 146, 0, 0, 0, 0, 0, 0, 0, 0, 0, 0, 0, 0, 0, 0, 109, 17, 272
"/home/lewis/winterwell/my-loop/src/js/base/data/XId.js", "JavaScript", 0, 59, 0, 0, 0, 0, 0, 0, 0, 0, 0, 0, 0, 0, 0, 0, 44, 10, 113
"/home/lewis/winterwell/my-loop/src/js/base/i18n.js", "JavaScript", 0, 254, 0, 0, 0, 0, 0, 0, 0, 0, 0, 0, 0, 0, 0, 0, 226, 35, 515
"/home/lewis/winterwell/my-loop/src/js/base/plumbing/ActionManBase.js", "JavaScript", 0, 3, 0, 0, 0, 0, 0, 0, 0, 0, 0, 0, 0, 0, 0, 0, 1, 4, 8
"/home/lewis/winterwell/my-loop/src/js/base/plumbing/Crud.js", "JavaScript", 0, 504, 0, 0, 0, 0, 0, 0, 0, 0, 0, 0, 0, 0, 0, 0, 239, 56, 799
"/home/lewis/winterwell/my-loop/src/js/base/plumbing/DataLog.js", "JavaScript", 0, 70, 0, 0, 0, 0, 0, 0, 0, 0, 0, 0, 0, 0, 0, 0, 35, 13, 118
"/home/lewis/winterwell/my-loop/src/js/base/plumbing/DataStore.js", "JavaScript", 0, 472, 0, 0, 0, 0, 0, 0, 0, 0, 0, 0, 0, 0, 0, 0, 353, 79, 904
"/home/lewis/winterwell/my-loop/src/js/base/plumbing/Messaging.js", "JavaScript", 0, 71, 0, 0, 0, 0, 0, 0, 0, 0, 0, 0, 0, 0, 0, 0, 35, 11, 117
"/home/lewis/winterwell/my-loop/src/js/base/plumbing/ServerIOBase.js", "JavaScript", 0, 356, 0, 0, 0, 0, 0, 0, 0, 0, 0, 0, 0, 0, 0, 0, 175, 42, 573
"/home/lewis/winterwell/my-loop/src/js/base/plumbing/glrouter.jsx", "JavaScript React", 0, 0, 0, 0, 0, 0, 65, 0, 0, 0, 0, 0, 0, 0, 0, 0, 34, 14, 113
"/home/lewis/winterwell/my-loop/src/js/base/plumbing/log.js", "JavaScript", 0, 74, 0, 0, 0, 0, 0, 0, 0, 0, 0, 0, 0, 0, 0, 0, 51, 27, 152
"/home/lewis/winterwell/my-loop/src/js/base/plumbing/media.js", "JavaScript", 0, 6, 0, 0, 0, 0, 0, 0, 0, 0, 0, 0, 0, 0, 0, 0, 21, 10, 37
"/home/lewis/winterwell/my-loop/src/js/base/promise-value.js", "JavaScript", 0, 109, 0, 0, 0, 0, 0, 0, 0, 0, 0, 0, 0, 0, 0, 0, 88, 12, 209
"/home/lewis/winterwell/my-loop/src/js/base/searchquery.js", "JavaScript", 0, 160, 0, 0, 0, 0, 0, 0, 0, 0, 0, 0, 0, 0, 0, 0, 124, 32, 316
"/home/lewis/winterwell/my-loop/src/js/base/style/BG.less", "Less", 0, 0, 0, 0, 8, 0, 0, 0, 0, 0, 0, 0, 0, 0, 0, 0, 0, 2, 10
"/home/lewis/winterwell/my-loop/src/js/base/style/BSCarousel.less", "Less", 0, 0, 0, 0, 12, 0, 0, 0, 0, 0, 0, 0, 0, 0, 0, 0, 7, 1, 20
"/home/lewis/winterwell/my-loop/src/js/base/style/DemoPlayer.less", "Less", 0, 0, 0, 0, 225, 0, 0, 0, 0, 0, 0, 0, 0, 0, 0, 0, 12, 39, 276
"/home/lewis/winterwell/my-loop/src/js/base/style/Editor3ColLayout.less", "Less", 0, 0, 0, 0, 39, 0, 0, 0, 0, 0, 0, 0, 0, 0, 0, 0, 5, 8, 52
"/home/lewis/winterwell/my-loop/src/js/base/style/Icon.less", "Less", 0, 0, 0, 0, 40, 0, 0, 0, 0, 0, 0, 0, 0, 0, 0, 0, 7, 5, 52
"/home/lewis/winterwell/my-loop/src/js/base/style/ListLoad.less", "Less", 0, 0, 0, 0, 42, 0, 0, 0, 0, 0, 0, 0, 0, 0, 0, 0, 2, 6, 50
"/home/lewis/winterwell/my-loop/src/js/base/style/LoginWidget.less", "Less", 0, 0, 0, 0, 31, 0, 0, 0, 0, 0, 0, 0, 0, 0, 0, 0, 16, 9, 56
"/home/lewis/winterwell/my-loop/src/js/base/style/MDText.less", "Less", 0, 0, 0, 0, 3, 0, 0, 0, 0, 0, 0, 0, 0, 0, 0, 0, 1, 2, 6
"/home/lewis/winterwell/my-loop/src/js/base/style/MessageBar.less", "Less", 0, 0, 0, 0, 19, 0, 0, 0, 0, 0, 0, 0, 0, 0, 0, 0, 2, 3, 24
"/home/lewis/winterwell/my-loop/src/js/base/style/Misc.less", "Less", 0, 0, 0, 0, 52, 0, 0, 0, 0, 0, 0, 0, 0, 0, 0, 0, 5, 7, 64
"/home/lewis/winterwell/my-loop/src/js/base/style/PropControl.less", "Less", 0, 0, 0, 0, 267, 0, 0, 0, 0, 0, 0, 0, 0, 0, 0, 0, 37, 56, 360
"/home/lewis/winterwell/my-loop/src/js/base/style/PropControls/PropControlCode.less", "Less", 0, 0, 0, 0, 35, 0, 0, 0, 0, 0, 0, 0, 0, 0, 0, 0, 12, 6, 53
"/home/lewis/winterwell/my-loop/src/js/base/style/PropControls/PropControlList.less", "Less", 0, 0, 0, 0, 15, 0, 0, 0, 0, 0, 0, 0, 0, 0, 0, 0, 4, 3, 22
"/home/lewis/winterwell/my-loop/src/js/base/style/SimpleTable.less", "Less", 0, 0, 0, 0, 70, 0, 0, 0, 0, 0, 0, 0, 0, 0, 0, 0, 7, 8, 85
"/home/lewis/winterwell/my-loop/src/js/base/style/Ticker.less", "Less", 0, 0, 0, 0, 7, 0, 0, 0, 0, 0, 0, 0, 0, 0, 0, 0, 0, 2, 9
"/home/lewis/winterwell/my-loop/src/js/base/style/WizardProgressWidget.less", "Less", 0, 0, 0, 0, 79, 0, 0, 0, 0, 0, 0, 0, 0, 0, 0, 0, 11, 17, 107
"/home/lewis/winterwell/my-loop/src/js/base/style/animation.less", "Less", 0, 0, 0, 0, 25, 0, 0, 0, 0, 0, 0, 0, 0, 0, 0, 0, 4, 5, 34
"/home/lewis/winterwell/my-loop/src/js/base/style/bootstrap-copy.less", "Less", 0, 0, 0, 0, 3, 0, 0, 0, 0, 0, 0, 0, 0, 0, 0, 0, 4, 2, 9
"/home/lewis/winterwell/my-loop/src/js/base/style/breakpoints.less", "Less", 0, 0, 0, 0, 13, 0, 0, 0, 0, 0, 0, 0, 0, 0, 0, 0, 29, 12, 54
"/home/lewis/winterwell/my-loop/src/js/base/style/buttons.less", "Less", 0, 0, 0, 0, 27, 0, 0, 0, 0, 0, 0, 0, 0, 0, 0, 0, 4, 6, 37
"/home/lewis/winterwell/my-loop/src/js/base/style/colours.less", "Less", 0, 0, 0, 0, 238, 0, 0, 0, 0, 0, 0, 0, 0, 0, 0, 0, 64, 47, 349
"/home/lewis/winterwell/my-loop/src/js/base/style/flex.less", "Less", 0, 0, 0, 0, 53, 0, 0, 0, 0, 0, 0, 0, 0, 0, 0, 0, 14, 20, 87
"/home/lewis/winterwell/my-loop/src/js/base/style/fonts.less", "Less", 0, 0, 0, 0, 53, 0, 0, 0, 0, 0, 0, 0, 0, 0, 0, 0, 46, 12, 111
"/home/lewis/winterwell/my-loop/src/js/base/style/footer.less", "Less", 0, 0, 0, 0, 13, 0, 0, 0, 0, 0, 0, 0, 0, 0, 0, 0, 1, 5, 19
"/home/lewis/winterwell/my-loop/src/js/base/style/good-loop.less", "Less", 0, 0, 0, 0, 33, 0, 0, 0, 0, 0, 0, 0, 0, 0, 0, 0, 6, 6, 45
"/home/lewis/winterwell/my-loop/src/js/base/style/gridbox.less", "Less", 0, 0, 0, 0, 30, 0, 0, 0, 0, 0, 0, 0, 0, 0, 0, 0, 11, 5, 46
"/home/lewis/winterwell/my-loop/src/js/base/style/main-base.less", "Less", 0, 0, 0, 0, 150, 0, 0, 0, 0, 0, 0, 0, 0, 0, 0, 0, 26, 21, 197
"/home/lewis/winterwell/my-loop/src/js/base/style/png-download.less", "Less", 0, 0, 0, 0, 8, 0, 0, 0, 0, 0, 0, 0, 0, 0, 0, 0, 2, 0, 10
"/home/lewis/winterwell/my-loop/src/js/base/style/print-base.less", "Less", 0, 0, 0, 0, 13, 0, 0, 0, 0, 0, 0, 0, 0, 0, 0, 0, 2, 2, 17
"/home/lewis/winterwell/my-loop/src/js/base/style/prism-dark.less", "Less", 0, 0, 0, 0, 218, 0, 0, 0, 0, 0, 0, 0, 0, 0, 0, 0, 0, 1, 219
"/home/lewis/winterwell/my-loop/src/js/base/utils/DetectAdBlock.js", "JavaScript", 0, 33, 0, 0, 0, 0, 0, 0, 0, 0, 0, 0, 0, 0, 0, 0, 18, 12, 63
"/home/lewis/winterwell/my-loop/src/js/base/utils/SortFn.js", "JavaScript", 0, 14, 0, 0, 0, 0, 0, 0, 0, 0, 0, 0, 0, 0, 0, 0, 11, 3, 28
"/home/lewis/winterwell/my-loop/src/js/base/utils/assert.js", "JavaScript", 0, 194, 0, 0, 0, 0, 0, 0, 0, 0, 0, 0, 0, 0, 0, 0, 88, 15, 297
"/home/lewis/winterwell/my-loop/src/js/base/utils/deepCopy.js", "JavaScript", 0, 6, 0, 0, 0, 0, 0, 0, 0, 0, 0, 0, 0, 0, 0, 0, 4, 3, 13
"/home/lewis/winterwell/my-loop/src/js/base/utils/miscutils.ts", "TypeScript", 0, 0, 0, 0, 0, 0, 0, 0, 0, 525, 0, 0, 0, 0, 0, 0, 299, 83, 907
"/home/lewis/winterwell/my-loop/src/js/base/utils/printer.js", "JavaScript", 0, 175, 0, 0, 0, 0, 0, 0, 0, 0, 0, 0, 0, 0, 0, 0, 90, 44, 309
"/home/lewis/winterwell/my-loop/src/js/base/youagain.js", "JavaScript", 0, 514, 0, 0, 0, 0, 0, 0, 0, 0, 0, 0, 0, 0, 0, 0, 263, 68, 845
"/home/lewis/winterwell/my-loop/src/js/card.jsx", "JavaScript React", 0, 0, 0, 0, 0, 0, 24, 0, 0, 0, 0, 0, 0, 0, 0, 0, 4, 9, 37
"/home/lewis/winterwell/my-loop/src/js/components/AB.jsx", "JavaScript React", 0, 0, 0, 0, 0, 0, 29, 0, 0, 0, 0, 0, 0, 0, 0, 0, 23, 7, 59
"/home/lewis/winterwell/my-loop/src/js/components/BackgroundFader.tsx", "TypeScript React", 0, 0, 0, 0, 0, 0, 0, 39, 0, 0, 0, 0, 0, 0, 0, 0, 9, 8, 56
"/home/lewis/winterwell/my-loop/src/js/components/BannerAd.jsx", "JavaScript React", 0, 0, 0, 0, 0, 0, 25, 0, 0, 0, 0, 0, 0, 0, 0, 0, 9, 6, 40
"/home/lewis/winterwell/my-loop/src/js/components/CharityLogo.jsx", "JavaScript React", 0, 0, 0, 0, 0, 0, 30, 0, 0, 0, 0, 0, 0, 0, 0, 0, 10, 4, 44
"/home/lewis/winterwell/my-loop/src/js/components/CharitySection.jsx", "JavaScript React", 0, 0, 0, 0, 0, 0, 62, 0, 0, 0, 0, 0, 0, 0, 0, 0, 6, 1, 69
"/home/lewis/winterwell/my-loop/src/js/components/ConsentWidget.jsx", "JavaScript React", 0, 0, 0, 0, 0, 0, 87, 0, 0, 0, 0, 0, 0, 0, 0, 0, 41, 16, 144
"/home/lewis/winterwell/my-loop/src/js/components/DateRangeWidget.js", "JavaScript", 0, 212, 0, 0, 0, 0, 0, 0, 0, 0, 0, 0, 0, 0, 0, 0, 36, 41, 289
"/home/lewis/winterwell/my-loop/src/js/components/ExampleTSXComponent.tsx", "TypeScript React", 0, 0, 0, 0, 0, 0, 0, 33, 0, 0, 0, 0, 0, 0, 0, 0, 35, 12, 80
"/home/lewis/winterwell/my-loop/src/js/components/Footer.jsx", "JavaScript React", 0, 0, 0, 0, 0, 0, 99, 0, 0, 0, 0, 0, 0, 0, 0, 0, 4, 13, 116
"/home/lewis/winterwell/my-loop/src/js/components/Image.jsx", "JavaScript React", 0, 0, 0, 0, 0, 0, 41, 0, 0, 0, 0, 0, 0, 0, 0, 0, 29, 8, 78
"/home/lewis/winterwell/my-loop/src/js/components/LandingSection.tsx", "TypeScript React", 0, 0, 0, 0, 0, 0, 0, 60, 0, 0, 0, 0, 0, 0, 0, 0, 5, 9, 74
"/home/lewis/winterwell/my-loop/src/js/components/MainDiv.jsx", "JavaScript React", 0, 0, 0, 0, 0, 0, 124, 0, 0, 0, 0, 0, 0, 0, 0, 0, 33, 19, 176
"/home/lewis/winterwell/my-loop/src/js/components/MyGLAboutPage.jsx", "JavaScript React", 0, 0, 0, 0, 0, 0, 10, 0, 0, 0, 0, 0, 0, 0, 0, 0, 0, 4, 14
"/home/lewis/winterwell/my-loop/src/js/components/MyGLSocialShare.jsx", "JavaScript React", 0, 0, 0, 0, 0, 0, 33, 0, 0, 0, 0, 0, 0, 0, 0, 0, 5, 9, 47
"/home/lewis/winterwell/my-loop/src/js/components/MyLoginWidgetGuts.jsx", "JavaScript React", 0, 0, 0, 0, 0, 0, 32, 0, 0, 0, 0, 0, 0, 0, 0, 0, 6, 2, 40
"/home/lewis/winterwell/my-loop/src/js/components/NewTabCustomise.jsx", "JavaScript React", 0, 0, 0, 0, 0, 0, 25, 0, 0, 0, 0, 0, 0, 0, 0, 0, 1, 2, 28
"/home/lewis/winterwell/my-loop/src/js/components/NewTabLayouts.jsx", "JavaScript React", 0, 0, 0, 0, 0, 0, 144, 0, 0, 0, 0, 0, 0, 0, 0, 0, 16, 26, 186
"/home/lewis/winterwell/my-loop/src/js/components/NewTabMainDiv.jsx", "JavaScript React", 0, 0, 0, 0, 0, 0, 568, 0, 0, 0, 0, 0, 0, 0, 0, 0, 148, 62, 778
"/home/lewis/winterwell/my-loop/src/js/components/NewTabOptions.jsx", "JavaScript React", 0, 0, 0, 0, 0, 0, 7, 0, 0, 0, 0, 0, 0, 0, 0, 0, 4, 3, 14
"/home/lewis/winterwell/my-loop/src/js/components/NewTabThemes.jsx", "JavaScript React", 0, 0, 0, 0, 0, 0, 0, 0, 0, 0, 0, 0, 0, 0, 0, 0, 0, 3, 3
"/home/lewis/winterwell/my-loop/src/js/components/NewtabLoginWidget.jsx", "JavaScript React", 0, 0, 0, 0, 0, 0, 156, 0, 0, 0, 0, 0, 0, 0, 0, 0, 14, 29, 199
"/home/lewis/winterwell/my-loop/src/js/components/NewtabTutorialCard.jsx", "JavaScript React", 0, 0, 0, 0, 0, 0, 196, 0, 0, 0, 0, 0, 0, 0, 0, 0, 35, 29, 260
"/home/lewis/winterwell/my-loop/src/js/components/Paginator.jsx", "JavaScript React", 0, 0, 0, 0, 0, 0, 92, 0, 0, 0, 0, 0, 0, 0, 0, 0, 19, 12, 123
"/home/lewis/winterwell/my-loop/src/js/components/ShapedCard.jsx", "JavaScript React", 0, 0, 0, 0, 0, 0, 46, 0, 0, 0, 0, 0, 0, 0, 0, 0, 14, 5, 65
"/home/lewis/winterwell/my-loop/src/js/components/ShareButton.jsx", "JavaScript React", 0, 0, 0, 0, 0, 0, 29, 0, 0, 0, 0, 0, 0, 0, 0, 0, 31, 11, 71
"/home/lewis/winterwell/my-loop/src/js/components/SimplifiedCharityControls.jsx", "JavaScript React", 0, 0, 0, 0, 0, 0, 99, 0, 0, 0, 0, 0, 0, 0, 0, 0, 12, 7, 118
"/home/lewis/winterwell/my-loop/src/js/components/SocialLinksWidget.jsx", "JavaScript React", 0, 0, 0, 0, 0, 0, 62, 0, 0, 0, 0, 0, 0, 0, 0, 0, 20, 12, 94
"/home/lewis/winterwell/my-loop/src/js/components/T4GSignUp.jsx", "JavaScript React", 0, 0, 0, 0, 0, 0, 189, 0, 0, 0, 0, 0, 0, 0, 0, 0, 13, 26, 228
"/home/lewis/winterwell/my-loop/src/js/components/Ticker.jsx", "JavaScript React", 0, 0, 0, 0, 0, 0, 54, 0, 0, 0, 0, 0, 0, 0, 0, 0, 27, 12, 93
"/home/lewis/winterwell/my-loop/src/js/components/TickerTotal.jsx", "JavaScript React", 0, 0, 0, 0, 0, 0, 12, 0, 0, 0, 0, 0, 0, 0, 0, 0, 4, 5, 21
"/home/lewis/winterwell/my-loop/src/js/components/campaignpage/AdvertsCatalogue.jsx", "JavaScript React", 0, 0, 0, 0, 0, 0, 236, 0, 0, 0, 0, 0, 0, 0, 0, 0, 23, 28, 287
"/home/lewis/winterwell/my-loop/src/js/components/campaignpage/CampaignModalTFG.jsx", "JavaScript React", 0, 0, 0, 0, 0, 0, 48, 0, 0, 0, 0, 0, 0, 0, 0, 0, 0, 4, 52
"/home/lewis/winterwell/my-loop/src/js/components/campaignpage/CampaignPage.jsx", "JavaScript React", 0, 0, 0, 0, 0, 0, 380, 0, 0, 0, 0, 0, 0, 0, 0, 0, 73, 52, 505
"/home/lewis/winterwell/my-loop/src/js/components/campaignpage/CampaignSplashCard.jsx", "JavaScript React", 0, 0, 0, 0, 0, 0, 111, 0, 0, 0, 0, 0, 0, 0, 0, 0, 11, 14, 136
"/home/lewis/winterwell/my-loop/src/js/components/campaignpage/CharitiesSection.jsx", "JavaScript React", 0, 0, 0, 0, 0, 0, 152, 0, 0, 0, 0, 0, 0, 0, 0, 0, 92, 31, 275
"/home/lewis/winterwell/my-loop/src/js/components/campaignpage/DevLink.jsx", "JavaScript React", 0, 0, 0, 0, 0, 0, 16, 0, 0, 0, 0, 0, 0, 0, 0, 0, 0, 3, 19
"/home/lewis/winterwell/my-loop/src/js/components/campaignpage/HowDoesItWork.jsx", "JavaScript React", 0, 0, 0, 0, 0, 0, 47, 0, 0, 0, 0, 0, 0, 0, 0, 0, 5, 4, 56
"/home/lewis/winterwell/my-loop/src/js/components/campaignpage/PublishersCard.jsx", "JavaScript React", 0, 0, 0, 0, 0, 0, 29, 0, 0, 0, 0, 0, 0, 0, 0, 0, 14, 7, 50
"/home/lewis/winterwell/my-loop/src/js/components/campaignpage/TestimonialPlayer.jsx", "JavaScript React", 0, 0, 0, 0, 0, 0, 41, 0, 0, 0, 0, 0, 0, 0, 0, 0, 0, 12, 53
"/home/lewis/winterwell/my-loop/src/js/components/campaignpage/WhiteCircle.jsx", "JavaScript React", 0, 0, 0, 0, 0, 0, 17, 0, 0, 0, 0, 0, 0, 0, 0, 0, 5, 5, 27
"/home/lewis/winterwell/my-loop/src/js/components/cards/AdvertCard.jsx", "JavaScript React", 0, 0, 0, 0, 0, 0, 26, 0, 0, 0, 0, 0, 0, 0, 0, 0, 7, 7, 40
"/home/lewis/winterwell/my-loop/src/js/components/cards/DonationCard.jsx", "JavaScript React", 0, 0, 0, 0, 0, 0, 101, 0, 0, 0, 0, 0, 0, 0, 0, 0, 25, 24, 150
"/home/lewis/winterwell/my-loop/src/js/components/cards/LinkedProfilesCard.jsx", "JavaScript React", 0, 0, 0, 0, 0, 0, 62, 0, 0, 0, 0, 0, 0, 0, 0, 0, 9, 8, 79
"/home/lewis/winterwell/my-loop/src/js/components/cards/OnboardingCardMini.jsx", "JavaScript React", 0, 0, 0, 0, 0, 0, 42, 0, 0, 0, 0, 0, 0, 0, 0, 0, 2, 3, 47
"/home/lewis/winterwell/my-loop/src/js/components/cards/RecentCampaignsCard.jsx", "JavaScript React", 0, 0, 0, 0, 0, 0, 124, 0, 0, 0, 0, 0, 0, 0, 0, 0, 65, 16, 205
"/home/lewis/winterwell/my-loop/src/js/components/cards/SignUpConnectCard.jsx", "JavaScript React", 0, 0, 0, 0, 0, 0, 49, 0, 0, 0, 0, 0, 0, 0, 0, 0, 14, 13, 76
"/home/lewis/winterwell/my-loop/src/js/components/cards/StoryCard.jsx", "JavaScript React", 0, 0, 0, 0, 0, 0, 13, 0, 0, 0, 0, 0, 0, 0, 0, 0, 2, 3, 18
"/home/lewis/winterwell/my-loop/src/js/components/cards/SubscriptionBox.jsx", "JavaScript React", 0, 0, 0, 0, 0, 0, 73, 0, 0, 0, 0, 0, 0, 0, 0, 0, 9, 11, 93
"/home/lewis/winterwell/my-loop/src/js/components/impact/GLCards.jsx", "JavaScript React", 0, 0, 0, 0, 0, 0, 117, 0, 0, 0, 0, 0, 0, 0, 0, 0, 53, 27, 197
"/home/lewis/winterwell/my-loop/src/js/components/impact/ImpactAccountButton.jsx", "JavaScript React", 0, 0, 0, 0, 0, 0, 99, 0, 0, 0, 0, 0, 0, 0, 0, 0, 8, 22, 129
"/home/lewis/winterwell/my-loop/src/js/components/impact/ImpactBrandFilter.jsx", "JavaScript React", 0, 0, 0, 0, 0, 0, 163, 0, 0, 0, 0, 0, 0, 0, 0, 0, 57, 34, 254
"/home/lewis/winterwell/my-loop/src/js/components/impact/ImpactDateFilter.jsx", "JavaScript React", 0, 0, 0, 0, 0, 0, 54, 0, 0, 0, 0, 0, 0, 0, 0, 0, 5, 10, 69
"/home/lewis/winterwell/my-loop/src/js/components/impact/ImpactFilterOptions.jsx", "JavaScript React", 0, 0, 0, 0, 0, 0, 29, 0, 0, 0, 0, 0, 0, 0, 0, 0, 8, 12, 49
"/home/lewis/winterwell/my-loop/src/js/components/impact/ImpactLoadingScreen.jsx", "JavaScript React", 0, 0, 0, 0, 0, 0, 66, 0, 0, 0, 0, 0, 0, 0, 0, 0, 12, 13, 91
"/home/lewis/winterwell/my-loop/src/js/components/impact/ImpactLogin.jsx", "JavaScript React", 0, 0, 0, 0, 0, 0, 91, 0, 0, 0, 0, 0, 0, 0, 0, 0, 3, 11, 105
"/home/lewis/winterwell/my-loop/src/js/components/impact/ImpactNavBars.jsx", "JavaScript React", 0, 0, 0, 0, 0, 0, 98, 0, 0, 0, 0, 0, 0, 0, 0, 0, 16, 11, 125
"/home/lewis/winterwell/my-loop/src/js/components/impact/ImpactOverviewAdsCatalogue.jsx", "JavaScript React", 0, 0, 0, 0, 0, 0, 26, 0, 0, 0, 0, 0, 0, 0, 0, 0, 0, 3, 29
"/home/lewis/winterwell/my-loop/src/js/components/impact/ImpactOverviewPage.jsx", "JavaScript React", 0, 0, 0, 0, 0, 0, 569, 0, 0, 0, 0, 0, 0, 0, 0, 0, 55, 100, 724
"/home/lewis/winterwell/my-loop/src/js/components/impact/ImpactStatsPage.jsx", "JavaScript React", 0, 0, 0, 0, 0, 0, 33, 0, 0, 0, 0, 0, 0, 0, 0, 0, 0, 5, 38
"/home/lewis/winterwell/my-loop/src/js/components/impact/ImpactStoryPage.jsx", "JavaScript React", 0, 0, 0, 0, 0, 0, 81, 0, 0, 0, 0, 0, 0, 0, 0, 0, 10, 15, 106
"/home/lewis/winterwell/my-loop/src/js/components/impact/TestValues.js", "JavaScript", 0, 891, 0, 0, 0, 0, 0, 0, 0, 0, 0, 0, 0, 0, 0, 0, 0, 8, 899
"/home/lewis/winterwell/my-loop/src/js/components/impact/impactdata.js", "JavaScript", 0, 75, 0, 0, 0, 0, 0, 0, 0, 0, 0, 0, 0, 0, 0, 0, 21, 9, 105
"/home/lewis/winterwell/my-loop/src/js/components/mydata/MyDataBadge.jsx", "JavaScript React", 0, 0, 0, 0, 0, 0, 43, 0, 0, 0, 0, 0, 0, 0, 0, 0, 8, 5, 56
"/home/lewis/winterwell/my-loop/src/js/components/mydata/MyDataCommonComponents.jsx", "JavaScript React", 0, 0, 0, 0, 0, 0, 186, 0, 0, 0, 0, 0, 0, 0, 0, 0, 60, 40, 286
"/home/lewis/winterwell/my-loop/src/js/components/mydata/MyDataDashboardHomeTab.jsx", "JavaScript React", 0, 0, 0, 0, 0, 0, 244, 0, 0, 0, 0, 0, 0, 0, 0, 0, 49, 26, 319
"/home/lewis/winterwell/my-loop/src/js/components/mydata/MyDataDashboardPage.jsx", "JavaScript React", 0, 0, 0, 0, 0, 0, 120, 0, 0, 0, 0, 0, 0, 0, 0, 0, 74, 23, 217
"/home/lewis/winterwell/my-loop/src/js/components/mydata/MyDataDashboardProfileTab.jsx", "JavaScript React", 0, 0, 0, 0, 0, 0, 218, 0, 0, 0, 0, 0, 0, 0, 0, 0, 13, 36, 267
"/home/lewis/winterwell/my-loop/src/js/components/mydata/MyDataDetails.jsx", "JavaScript React", 0, 0, 0, 0, 0, 0, 48, 0, 0, 0, 0, 0, 0, 0, 0, 0, 0, 7, 55
"/home/lewis/winterwell/my-loop/src/js/components/mydata/MyDataGetStarted.jsx", "JavaScript React", 0, 0, 0, 0, 0, 0, 26, 0, 0, 0, 0, 0, 0, 0, 0, 0, 0, 6, 32
"/home/lewis/winterwell/my-loop/src/js/components/mydata/MyDataInterests.jsx", "JavaScript React", 0, 0, 0, 0, 0, 0, 46, 0, 0, 0, 0, 0, 0, 0, 0, 0, 11, 4, 61
"/home/lewis/winterwell/my-loop/src/js/components/mydata/MyDataProductPage.jsx", "JavaScript React", 0, 0, 0, 0, 0, 0, 284, 0, 0, 0, 0, 0, 0, 0, 0, 0, 0, 36, 320
"/home/lewis/winterwell/my-loop/src/js/components/mydata/MyDataProfileCreated.jsx", "JavaScript React", 0, 0, 0, 0, 0, 0, 76, 0, 0, 0, 0, 0, 0, 0, 0, 0, 0, 9, 85
"/home/lewis/winterwell/my-loop/src/js/components/mydata/MyDataSelectCharity.jsx", "JavaScript React", 0, 0, 0, 0, 0, 0, 46, 0, 0, 0, 0, 0, 0, 0, 0, 0, 3, 11, 60
"/home/lewis/winterwell/my-loop/src/js/components/mydata/MyDataSignUp.jsx", "JavaScript React", 0, 0, 0, 0, 0, 0, 129, 0, 0, 0, 0, 0, 0, 0, 0, 0, 17, 23, 169
"/home/lewis/winterwell/my-loop/src/js/components/pages/AccountPage.jsx", "JavaScript React", 0, 0, 0, 0, 0, 0, 114, 0, 0, 0, 0, 0, 0, 0, 0, 0, 14, 13, 141
"/home/lewis/winterwell/my-loop/src/js/components/pages/AccountSettings.jsx", "JavaScript React", 0, 0, 0, 0, 0, 0, 80, 0, 0, 0, 0, 0, 0, 0, 0, 0, 17, 7, 104
"/home/lewis/winterwell/my-loop/src/js/components/pages/AllowlistUs.jsx", "JavaScript React", 0, 0, 0, 0, 0, 0, 77, 0, 0, 0, 0, 0, 0, 0, 0, 0, 0, 9, 86
"/home/lewis/winterwell/my-loop/src/js/components/pages/BlogContent.jsx", "JavaScript React", 0, 0, 0, 0, 0, 0, 55, 0, 0, 0, 0, 0, 0, 0, 0, 0, 7, 6, 68
"/home/lewis/winterwell/my-loop/src/js/components/pages/BlogPage.jsx", "JavaScript React", 0, 0, 0, 0, 0, 0, 129, 0, 0, 0, 0, 0, 0, 0, 0, 0, 20, 12, 161
"/home/lewis/winterwell/my-loop/src/js/components/pages/CharityLandingPage.jsx", "JavaScript React", 0, 0, 0, 0, 0, 0, 175, 0, 0, 0, 0, 0, 0, 0, 0, 0, 8, 17, 200
"/home/lewis/winterwell/my-loop/src/js/components/pages/CommonComponents.jsx", "JavaScript React", 0, 0, 0, 0, 0, 0, 670, 0, 0, 0, 0, 0, 0, 0, 0, 0, 89, 60, 819
"/home/lewis/winterwell/my-loop/src/js/components/pages/ForBusinessPage.jsx", "JavaScript React", 0, 0, 0, 0, 0, 0, 14, 0, 0, 0, 0, 0, 0, 0, 0, 0, 0, 4, 18
"/home/lewis/winterwell/my-loop/src/js/components/pages/ForCharityPage.jsx", "JavaScript React", 0, 0, 0, 0, 0, 0, 14, 0, 0, 0, 0, 0, 0, 0, 0, 0, 0, 4, 18
"/home/lewis/winterwell/my-loop/src/js/components/pages/GenerateGreenDemoEvents.jsx", "JavaScript React", 0, 0, 0, 0, 0, 0, 314, 0, 0, 0, 0, 0, 0, 0, 0, 0, 88, 57, 459
"/home/lewis/winterwell/my-loop/src/js/components/pages/GetInvolvedPage.jsx", "JavaScript React", 0, 0, 0, 0, 0, 0, 244, 0, 0, 0, 0, 0, 0, 0, 0, 0, 6, 17, 267
"/home/lewis/winterwell/my-loop/src/js/components/pages/GreenDashboard.jsx", "JavaScript React", 0, 0, 0, 0, 0, 0, 23, 0, 0, 0, 0, 0, 0, 0, 0, 0, 2, 7, 32
"/home/lewis/winterwell/my-loop/src/js/components/pages/GreenLanding.jsx", "JavaScript React", 0, 0, 0, 0, 0, 0, 166, 0, 0, 0, 0, 0, 0, 0, 0, 0, 22, 19, 207
"/home/lewis/winterwell/my-loop/src/js/components/pages/HomePage.jsx", "JavaScript React", 0, 0, 0, 0, 0, 0, 315, 0, 0, 0, 0, 0, 0, 0, 0, 0, 21, 28, 364
"/home/lewis/winterwell/my-loop/src/js/components/pages/LogoutPage.jsx", "JavaScript React", 0, 0, 0, 0, 0, 0, 14, 0, 0, 0, 0, 0, 0, 0, 0, 0, 3, 5, 22
"/home/lewis/winterwell/my-loop/src/js/components/pages/MyAdCampaignsPage.jsx", "JavaScript React", 0, 0, 0, 0, 0, 0, 22, 0, 0, 0, 0, 0, 0, 0, 0, 0, 0, 3, 25
"/home/lewis/winterwell/my-loop/src/js/components/pages/MyCharitiesPage.jsx", "JavaScript React", 0, 0, 0, 0, 0, 0, 131, 0, 0, 0, 0, 0, 0, 0, 0, 0, 14, 10, 155
"/home/lewis/winterwell/my-loop/src/js/components/pages/NewtabCharityLogin.jsx", "JavaScript React", 0, 0, 0, 0, 0, 0, 105, 0, 0, 0, 0, 0, 0, 0, 0, 0, 21, 20, 146
"/home/lewis/winterwell/my-loop/src/js/components/pages/OurImpactPage.jsx", "JavaScript React", 0, 0, 0, 0, 0, 0, 174, 0, 0, 0, 0, 0, 0, 0, 0, 0, 10, 18, 202
"/home/lewis/winterwell/my-loop/src/js/components/pages/OurStoryPage.jsx", "JavaScript React", 0, 0, 0, 0, 0, 0, 130, 0, 0, 0, 0, 0, 0, 0, 0, 0, 13, 8, 151
"/home/lewis/winterwell/my-loop/src/js/components/pages/ProductsOverviewPage.jsx", "JavaScript React", 0, 0, 0, 0, 0, 0, 13, 0, 0, 0, 0, 0, 0, 0, 0, 0, 0, 4, 17
"/home/lewis/winterwell/my-loop/src/js/components/pages/SafariPage.jsx", "JavaScript React", 0, 0, 0, 0, 0, 0, 140, 0, 0, 0, 0, 0, 0, 0, 0, 0, 4, 16, 160
"/home/lewis/winterwell/my-loop/src/js/components/pages/TabsForGoodLandingPage.jsx", "JavaScript React", 0, 0, 0, 0, 0, 0, 66, 0, 0, 0, 0, 0, 0, 0, 0, 0, 5, 9, 80
"/home/lewis/winterwell/my-loop/src/js/components/pages/TabsForGoodProductPage.jsx", "JavaScript React", 0, 0, 0, 0, 0, 0, 368, 0, 0, 0, 0, 0, 0, 0, 0, 0, 1, 40, 409
"/home/lewis/winterwell/my-loop/src/js/components/pages/TabsForGoodSettings.jsx", "JavaScript React", 0, 0, 0, 0, 0, 0, 245, 0, 0, 0, 0, 0, 0, 0, 0, 0, 36, 35, 316
"/home/lewis/winterwell/my-loop/src/js/components/pages/Welcome.jsx", "JavaScript React", 0, 0, 0, 0, 0, 0, 21, 0, 0, 0, 0, 0, 0, 0, 0, 0, 0, 4, 25
"/home/lewis/winterwell/my-loop/src/js/components/pages/greendash/BreakdownCard.jsx", "JavaScript React", 0, 0, 0, 0, 0, 0, 381, 0, 0, 0, 0, 0, 0, 0, 0, 0, 53, 58, 492
"/home/lewis/winterwell/my-loop/src/js/components/pages/greendash/CompareCard.jsx", "JavaScript React", 0, 0, 0, 0, 0, 0, 179, 0, 0, 0, 0, 0, 0, 0, 0, 0, 37, 36, 252
"/home/lewis/winterwell/my-loop/src/js/components/pages/greendash/GreenDashboardFilters.jsx", "JavaScript React", 0, 0, 0, 0, 0, 0, 264, 0, 0, 0, 0, 0, 0, 0, 0, 0, 60, 46, 370
"/home/lewis/winterwell/my-loop/src/js/components/pages/greendash/GreenMap.jsx", "JavaScript React", 0, 0, 0, 0, 0, 0, 171, 0, 0, 0, 0, 0, 0, 0, 0, 0, 8, 19, 198
"/home/lewis/winterwell/my-loop/src/js/components/pages/greendash/GreenMetrics.jsx", "JavaScript React", 0, 0, 0, 0, 0, 0, 252, 0, 0, 0, 0, 0, 0, 0, 0, 0, 31, 41, 324
"/home/lewis/winterwell/my-loop/src/js/components/pages/greendash/GreenNavBar.jsx", "JavaScript React", 0, 0, 0, 0, 0, 0, 89, 0, 0, 0, 0, 0, 0, 0, 0, 0, 27, 12, 128
"/home/lewis/winterwell/my-loop/src/js/components/pages/greendash/GreenOptimisation.jsx", "JavaScript React", 0, 0, 0, 0, 0, 0, 9, 0, 0, 0, 0, 0, 0, 0, 0, 0, 0, 3, 12
"/home/lewis/winterwell/my-loop/src/js/components/pages/greendash/GreenProfile.jsx", "JavaScript React", 0, 0, 0, 0, 0, 0, 9, 0, 0, 0, 0, 0, 0, 0, 0, 0, 0, 3, 12
"/home/lewis/winterwell/my-loop/src/js/components/pages/greendash/GreenTable.jsx", "JavaScript React", 0, 0, 0, 0, 0, 0, 56, 0, 0, 0, 0, 0, 0, 0, 0, 0, 4, 16, 76
"/home/lewis/winterwell/my-loop/src/js/components/pages/greendash/JourneyCard.jsx", "JavaScript React", 0, 0, 0, 0, 0, 0, 167, 0, 0, 0, 0, 0, 0, 0, 0, 0, 31, 24, 222
"/home/lewis/winterwell/my-loop/src/js/components/pages/greendash/MapCard.jsx", "JavaScript React", 0, 0, 0, 0, 0, 0, 245, 0, 0, 0, 0, 0, 0, 0, 0, 0, 68, 50, 363
"/home/lewis/winterwell/my-loop/src/js/components/pages/greendash/TimeOfDayCard.jsx", "JavaScript React", 0, 0, 0, 0, 0, 0, 88, 0, 0, 0, 0, 0, 0, 0, 0, 0, 3, 14, 105
"/home/lewis/winterwell/my-loop/src/js/components/pages/greendash/TimeSeriesCard.jsx", "JavaScript React", 0, 0, 0, 0, 0, 0, 208, 0, 0, 0, 0, 0, 0, 0, 0, 0, 28, 30, 266
"/home/lewis/winterwell/my-loop/src/js/components/pages/greendash/carboncalc.js", "JavaScript", 0, 0, 0, 0, 0, 0, 0, 0, 0, 0, 0, 0, 0, 0, 0, 0, 272, 33, 305
"/home/lewis/winterwell/my-loop/src/js/components/pages/greendash/dashutils.js", "JavaScript", 0, 266, 0, 0, 0, 0, 0, 0, 0, 0, 0, 0, 0, 0, 0, 0, 74, 59, 399
"/home/lewis/winterwell/my-loop/src/js/components/pages/greendash/emissionscalc.js", "JavaScript", 0, 199, 0, 0, 0, 0, 0, 0, 0, 0, 0, 0, 0, 0, 0, 0, 86, 30, 315
"/home/lewis/winterwell/my-loop/src/js/components/pages/greendash/emissionscalcTs.ts", "TypeScript", 0, 0, 0, 0, 0, 0, 0, 0, 0, 88, 0, 0, 0, 0, 0, 0, 15, 10, 113
"/home/lewis/winterwell/my-loop/src/js/components/pages/greendash/maputils.js", "JavaScript", 0, 256, 0, 0, 0, 0, 0, 0, 0, 0, 0, 0, 0, 0, 0, 0, 1, 1, 258
"/home/lewis/winterwell/my-loop/src/js/components/svg.jsx", "JavaScript React", 0, 0, 0, 0, 0, 0, 31, 0, 0, 0, 0, 0, 0, 0, 0, 0, 24, 8, 63
"/home/lewis/winterwell/my-loop/src/js/data/Budget.js", "JavaScript", 0, 19, 0, 0, 0, 0, 0, 0, 0, 0, 0, 0, 0, 0, 0, 0, 3, 8, 30
"/home/lewis/winterwell/my-loop/src/js/data/Publisher.js", "JavaScript", 0, 5, 0, 0, 0, 0, 0, 0, 0, 0, 0, 0, 0, 0, 0, 0, 1, 2, 8
"/home/lewis/winterwell/my-loop/src/js/data/PublisherList.js", "JavaScript", 0, 39, 0, 0, 0, 0, 0, 0, 0, 0, 0, 0, 0, 0, 0, 0, 4, 2, 45
"/home/lewis/winterwell/my-loop/src/js/data/WebSite.js", "JavaScript", 0, 6, 0, 0, 0, 0, 0, 0, 0, 0, 0, 0, 0, 0, 0, 0, 3, 8, 17
"/home/lewis/winterwell/my-loop/src/js/newtab.jsx", "JavaScript React", 0, 0, 0, 0, 0, 0, 12, 0, 0, 0, 0, 0, 0, 0, 0, 0, 3, 5, 20
"/home/lewis/winterwell/my-loop/src/js/plumbing/ActionMan.js", "JavaScript", 0, 2, 0, 0, 0, 0, 0, 0, 0, 0, 0, 0, 0, 0, 0, 0, 14, 3, 19
"/home/lewis/winterwell/my-loop/src/js/plumbing/ServerIO.js", "JavaScript", 0, 59, 0, 0, 0, 0, 0, 0, 0, 0, 0, 0, 0, 0, 0, 0, 53, 29, 141
"/home/lewis/winterwell/my-loop/src/js/static.js", "JavaScript", 0, 22, 0, 0, 0, 0, 0, 0, 0, 0, 0, 0, 0, 0, 0, 0, 4, 4, 30
"/home/lewis/winterwell/my-loop/src/js/utils/campaignPageUtils.js", "JavaScript", 0, 1, 0, 0, 0, 0, 0, 0, 0, 0, 0, 0, 0, 0, 0, 0, 0, 3, 4
"/home/lewis/winterwell/my-loop/src/js/utils/generateDemoConstants.js", "JavaScript", 0, 323, 0, 0, 0, 0, 0, 0, 0, 0, 0, 0, 0, 0, 0, 0, 4, 5, 332
"/home/lewis/winterwell/my-loop/src/python/__tests__/ShareLoginTest.py", "Python", 0, 0, 37, 0, 0, 0, 0, 0, 0, 0, 0, 0, 0, 0, 0, 0, 11, 16, 64
"/home/lewis/winterwell/my-loop/src/style/AccountPage.less", "Less", 0, 0, 0, 0, 114, 0, 0, 0, 0, 0, 0, 0, 0, 0, 0, 0, 30, 16, 160
"/home/lewis/winterwell/my-loop/src/style/AllowlistUs.less", "Less", 0, 0, 0, 0, 24, 0, 0, 0, 0, 0, 0, 0, 0, 0, 0, 0, 1, 4, 29
"/home/lewis/winterwell/my-loop/src/style/Blog.less", "Less", 0, 0, 0, 0, 55, 0, 0, 0, 0, 0, 0, 0, 0, 0, 0, 0, 0, 7, 62
"/home/lewis/winterwell/my-loop/src/style/CampaignPage.less", "Less", 0, 0, 0, 0, 745, 0, 0, 0, 0, 0, 0, 0, 0, 0, 0, 0, 47, 163, 955
"/home/lewis/winterwell/my-loop/src/style/CharityPicker.less", "Less", 0, 0, 0, 0, 145, 0, 0, 0, 0, 0, 0, 0, 0, 0, 0, 0, 7, 31, 183
"/home/lewis/winterwell/my-loop/src/style/CharitySection.less", "Less", 0, 0, 0, 0, 0, 0, 0, 0, 0, 0, 0, 0, 0, 0, 0, 0, 0, 1, 1
"/home/lewis/winterwell/my-loop/src/style/DateRangeWidget.less", "Less", 0, 0, 0, 0, 110, 0, 0, 0, 0, 0, 0, 0, 0, 0, 0, 0, 1, 9, 120
"/home/lewis/winterwell/my-loop/src/style/DevLink.less", "Less", 0, 0, 0, 0, 18, 0, 0, 0, 0, 0, 0, 0, 0, 0, 0, 0, 1, 0, 19
"/home/lewis/winterwell/my-loop/src/style/GLCards.less", "Less", 0, 0, 0, 0, 139, 0, 0, 0, 0, 0, 0, 0, 0, 0, 0, 0, 9, 25, 173
"/home/lewis/winterwell/my-loop/src/style/GetInvolvedPage.less", "Less", 0, 0, 0, 0, 15, 0, 0, 0, 0, 0, 0, 0, 0, 0, 0, 0, 1, 2, 18
"/home/lewis/winterwell/my-loop/src/style/GreenDashboard.less", "Less", 0, 0, 0, 0, 466, 0, 0, 0, 0, 0, 0, 0, 0, 0, 0, 0, 24, 42, 532
"/home/lewis/winterwell/my-loop/src/style/GreenMetrics.less", "Less", 0, 0, 0, 0, 352, 0, 0, 0, 0, 0, 0, 0, 0, 0, 0, 0, 28, 43, 423
"/home/lewis/winterwell/my-loop/src/style/HomePage.less", "Less", 0, 0, 0, 0, 430, 0, 0, 0, 0, 0, 0, 0, 0, 0, 0, 0, 22, 63, 515
"/home/lewis/winterwell/my-loop/src/style/ImpactOverview.less", "Less", 0, 0, 0, 0, 322, 0, 0, 0, 0, 0, 0, 0, 0, 0, 0, 0, 3, 55, 380
"/home/lewis/winterwell/my-loop/src/style/LandingSection.less", "Less", 0, 0, 0, 0, 79, 0, 0, 0, 0, 0, 0, 0, 0, 0, 0, 0, 20, 11, 110
"/home/lewis/winterwell/my-loop/src/style/MyAdCampaignsPage.less", "Less", 0, 0, 0, 0, 22, 0, 0, 0, 0, 0, 0, 0, 0, 0, 0, 0, 0, 5, 27
"/home/lewis/winterwell/my-loop/src/style/MyCharitiesPage.less", "Less", 0, 0, 0, 0, 8, 0, 0, 0, 0, 0, 0, 0, 0, 0, 0, 0, 18, 3, 29
"/home/lewis/winterwell/my-loop/src/style/MyDashboard.less", "Less", 0, 0, 0, 0, 148, 0, 0, 0, 0, 0, 0, 0, 0, 0, 0, 0, 4, 10, 162
"/home/lewis/winterwell/my-loop/src/style/MyData.less", "Less", 0, 0, 0, 0, 457, 0, 0, 0, 0, 0, 0, 0, 0, 0, 0, 0, 31, 68, 556
"/home/lewis/winterwell/my-loop/src/style/MyDataProductPage.less", "Less", 0, 0, 0, 0, 360, 0, 0, 0, 0, 0, 0, 0, 0, 0, 0, 0, 20, 25, 405
"/home/lewis/winterwell/my-loop/src/style/MyLoginWidget.less", "Less", 0, 0, 0, 0, 218, 0, 0, 0, 0, 0, 0, 0, 0, 0, 0, 0, 3, 35, 256
"/home/lewis/winterwell/my-loop/src/style/MyPage.less", "Less", 0, 0, 0, 0, 49, 0, 0, 0, 0, 0, 0, 0, 0, 0, 0, 0, 1, 3, 53
"/home/lewis/winterwell/my-loop/src/style/NewTab.less", "Less", 0, 0, 0, 0, 408, 0, 0, 0, 0, 0, 0, 0, 0, 0, 0, 0, 12, 44, 464
"/home/lewis/winterwell/my-loop/src/style/NewTabLayouts.less", "Less", 0, 0, 0, 0, 32, 0, 0, 0, 0, 0, 0, 0, 0, 0, 0, 0, 0, 6, 38
"/home/lewis/winterwell/my-loop/src/style/OurImpactPage.less", "Less", 0, 0, 0, 0, 53, 0, 0, 0, 0, 0, 0, 0, 0, 0, 0, 0, 0, 7, 60
"/home/lewis/winterwell/my-loop/src/style/OurStory.less", "Less", 0, 0, 0, 0, 23, 0, 0, 0, 0, 0, 0, 0, 0, 0, 0, 0, 9, 2, 34
"/home/lewis/winterwell/my-loop/src/style/SafariPage.less", "Less", 0, 0, 0, 0, 88, 0, 0, 0, 0, 0, 0, 0, 0, 0, 0, 0, 1, 17, 106
"/home/lewis/winterwell/my-loop/src/style/ShareButton.less", "Less", 0, 0, 0, 0, 35, 0, 0, 0, 0, 0, 0, 0, 0, 0, 0, 0, 0, 1, 36
"/home/lewis/winterwell/my-loop/src/style/SideNavBar.less", "Less", 0, 0, 0, 0, 86, 0, 0, 0, 0, 0, 0, 0, 0, 0, 0, 0, 2, 7, 95
"/home/lewis/winterwell/my-loop/src/style/TabsForGood.less", "Less", 0, 0, 0, 0, 7, 0, 0, 0, 0, 0, 0, 0, 0, 0, 0, 0, 1, 0, 8
"/home/lewis/winterwell/my-loop/src/style/TabsForGoodSettings.less", "Less", 0, 0, 0, 0, 21, 0, 0, 0, 0, 0, 0, 0, 0, 0, 0, 0, 1, 4, 26
"/home/lewis/winterwell/my-loop/src/style/WelcomePage.less", "Less", 0, 0, 0, 0, 59, 0, 0, 0, 0, 0, 0, 0, 0, 0, 0, 0, 0, 18, 77
"/home/lewis/winterwell/my-loop/src/style/WhiteCircle.less", "Less", 0, 0, 0, 0, 31, 0, 0, 0, 0, 0, 0, 0, 0, 0, 0, 0, 0, 1, 32
"/home/lewis/winterwell/my-loop/src/style/buttons.less", "Less", 0, 0, 0, 0, 144, 0, 0, 0, 0, 0, 0, 0, 0, 0, 0, 0, 34, 26, 204
"/home/lewis/winterwell/my-loop/src/style/fonts.less", "Less", 0, 0, 0, 0, 32, 0, 0, 0, 0, 0, 0, 0, 0, 0, 0, 0, 5, 9, 46
"/home/lewis/winterwell/my-loop/src/style/footer.less", "Less", 0, 0, 0, 0, 112, 0, 0, 0, 0, 0, 0, 0, 0, 0, 0, 0, 17, 24, 153
"/home/lewis/winterwell/my-loop/src/style/green-map-card.less", "Less", 0, 0, 0, 0, 11, 0, 0, 0, 0, 0, 0, 0, 0, 0, 0, 0, 0, 0, 11
"/home/lewis/winterwell/my-loop/src/style/greendash-breakdown-card.less", "Less", 0, 0, 0, 0, 20, 0, 0, 0, 0, 0, 0, 0, 0, 0, 0, 0, 2, 1, 23
"/home/lewis/winterwell/my-loop/src/style/impact_overview/ImpactLoadingScreen.less", "Less", 0, 0, 0, 0, 96, 0, 0, 0, 0, 0, 0, 0, 0, 0, 0, 0, 0, 18, 114
"/home/lewis/winterwell/my-loop/src/style/impact_overview/ImpactLogin.less", "Less", 0, 0, 0, 0, 57, 0, 0, 0, 0, 0, 0, 0, 0, 0, 0, 0, 1, 10, 68
"/home/lewis/winterwell/my-loop/src/style/impact_overview/ImpactOverview-Navbar.less", "Less", 0, 0, 0, 0, 132, 0, 0, 0, 0, 0, 0, 0, 0, 0, 0, 0, 13, 33, 178
"/home/lewis/winterwell/my-loop/src/style/impact_overview/ImpactOverview-Page.less", "Less", 0, 0, 0, 0, 5, 0, 0, 0, 0, 0, 0, 0, 0, 0, 0, 0, 1, 0, 6
"/home/lewis/winterwell/my-loop/src/style/impact_overview/ImpactOverview-filtersAndAccount.less", "Less", 0, 0, 0, 0, 251, 0, 0, 0, 0, 0, 0, 0, 0, 0, 0, 0, 21, 55, 327
"/home/lewis/winterwell/my-loop/src/style/impacthub.less", "Less", 0, 0, 0, 0, 4, 0, 0, 0, 0, 0, 0, 0, 0, 0, 0, 0, 0, 2, 6
"/home/lewis/winterwell/my-loop/src/style/landingpage.less", "Less", 0, 0, 0, 0, 88, 0, 0, 0, 0, 0, 0, 0, 0, 0, 0, 0, 6, 14, 108
"/home/lewis/winterwell/my-loop/src/style/main.less", "Less", 0, 0, 0, 0, 214, 0, 0, 0, 0, 0, 0, 0, 0, 0, 0, 0, 35, 38, 287
"/home/lewis/winterwell/my-loop/src/style/navbar.less", "Less", 0, 0, 0, 0, 225, 0, 0, 0, 0, 0, 0, 0, 0, 0, 0, 0, 44, 55, 324
"/home/lewis/winterwell/my-loop/src/style/print.less", "Less", 0, 0, 0, 0, 1, 0, 0, 0, 0, 0, 0, 0, 0, 0, 0, 0, 0, 1, 2
"/home/lewis/winterwell/my-loop/src/style/website-colours.less", "Less", 0, 0, 0, 0, 0, 0, 0, 0, 0, 0, 0, 0, 0, 0, 0, 0, 3, 5, 8
"/home/lewis/winterwell/my-loop/ssl.my.good-loop.com.conf", "Properties", 0, 0, 0, 0, 0, 0, 0, 0, 0, 0, 0, 0, 0, 0, 0, 2, 0, 1, 3
"/home/lewis/winterwell/my-loop/teamcity.ci.builder.sh", "Shell Script", 13, 0, 0, 0, 0, 0, 0, 0, 0, 0, 0, 0, 0, 0, 0, 0, 1, 1, 15
"/home/lewis/winterwell/my-loop/templates/google-tag-manager.html", "HTML", 0, 0, 0, 0, 0, 0, 0, 0, 0, 0, 0, 0, 8, 0, 0, 0, 9, 4, 21
"/home/lewis/winterwell/my-loop/templates/meta.html", "HTML", 0, 0, 0, 0, 0, 0, 0, 0, 0, 0, 0, 0, 18, 0, 0, 0, 11, 5, 34
"/home/lewis/winterwell/my-loop/templates/template.html", "HTML", 0, 0, 0, 0, 0, 0, 0, 0, 0, 0, 0, 0, 48, 0, 0, 0, 4, 10, 62
"/home/lewis/winterwell/my-loop/tsconfig.json", "JSON with Comments", 0, 0, 0, 0, 0, 0, 0, 0, 0, 0, 0, 0, 0, 0, 28, 0, 0, 2, 30
"/home/lewis/winterwell/my-loop/watch.sh", "Shell Script", 7, 0, 0, 0, 0, 0, 0, 0, 0, 0, 0, 0, 0, 0, 0, 0, 1, 1, 9
"/home/lewis/winterwell/my-loop/web/config.xml", "XML", 0, 0, 0, 0, 0, 0, 0, 0, 0, 0, 51, 0, 0, 0, 0, 0, 7, 10, 68
"/home/lewis/winterwell/my-loop/web/fonts/fontawesome-webfont.svg", "XML", 0, 0, 0, 0, 0, 0, 0, 0, 0, 0, 2671, 0, 0, 0, 0, 0, 0, 1, 2672
"/home/lewis/winterwell/my-loop/web/img/15-second.svg", "XML", 0, 0, 0, 0, 0, 0, 0, 0, 0, 0, 4, 0, 0, 0, 0, 0, 0, 1, 5
"/home/lewis/winterwell/my-loop/web/img/About-t4g-blob.svg", "XML", 0, 0, 0, 0, 0, 0, 0, 0, 0, 0, 1, 0, 0, 0, 0, 0, 0, 0, 1
"/home/lewis/winterwell/my-loop/web/img/Impact/Good-Loop_CarbonNeutralAd_Logo_Final-05.svg", "XML", 0, 0, 0, 0, 0, 0, 0, 0, 0, 0, 403, 0, 0, 0, 0, 0, 1, 2, 406
"/home/lewis/winterwell/my-loop/web/img/Impact/curves-background.svg", "XML", 0, 0, 0, 0, 0, 0, 0, 0, 0, 0, 1, 0, 0, 0, 0, 0, 0, 0, 1
"/home/lewis/winterwell/my-loop/web/img/Impact/map-loading-screen.svg", "XML", 0, 0, 0, 0, 0, 0, 0, 0, 0, 0, 1, 0, 0, 0, 0, 0, 0, 0, 1
"/home/lewis/winterwell/my-loop/web/img/Impact/waves.svg", "XML", 0, 0, 0, 0, 0, 0, 0, 0, 0, 0, 1, 0, 0, 0, 0, 0, 0, 0, 1
"/home/lewis/winterwell/my-loop/web/img/LandingBackground/iphone-mockup-landscape.svg", "XML", 0, 0, 0, 0, 0, 0, 0, 0, 0, 0, 56, 0, 0, 0, 0, 0, 0, 1, 57
"/home/lewis/winterwell/my-loop/web/img/LandingBackground/iphone-mockup-portrait.svg", "XML", 0, 0, 0, 0, 0, 0, 0, 0, 0, 0, 58, 0, 0, 0, 0, 0, 0, 1, 59
"/home/lewis/winterwell/my-loop/web/img/LandingBackground/svg-desktop/infographic-2.svg", "XML", 0, 0, 0, 0, 0, 0, 0, 0, 0, 0, 64, 0, 0, 0, 0, 0, 0, 0, 64
"/home/lewis/winterwell/my-loop/web/img/LandingBackground/svg-desktop/infographic.svg", "XML", 0, 0, 0, 0, 0, 0, 0, 0, 0, 0, 912, 0, 0, 0, 0, 0, 37, 41, 990
"/home/lewis/winterwell/my-loop/web/img/LandingBackground/svg-mobile/infographic.svg", "XML", 0, 0, 0, 0, 0, 0, 0, 0, 0, 0, 195, 0, 0, 0, 0, 0, 1, 9, 205
"/home/lewis/winterwell/my-loop/web/img/LandingBackground/svg-mobile/mobile-splash-background-0.svg", "XML", 0, 0, 0, 0, 0, 0, 0, 0, 0, 0, 145, 0, 0, 0, 0, 0, 0, 1, 146
"/home/lewis/winterwell/my-loop/web/img/LandingBackground/svg-mobile/mobile-splash-background-2.svg", "XML", 0, 0, 0, 0, 0, 0, 0, 0, 0, 0, 14, 0, 0, 0, 0, 0, 0, 1, 15
"/home/lewis/winterwell/my-loop/web/img/LandingCharity/splash-screen-bground.svg", "XML", 0, 0, 0, 0, 0, 0, 0, 0, 0, 0, 19, 0, 0, 0, 0, 0, 0, 1, 20
"/home/lewis/winterwell/my-loop/web/img/LandingCharity/t4g-splash-screen-background.svg", "XML", 0, 0, 0, 0, 0, 0, 0, 0, 0, 0, 13, 0, 0, 0, 0, 0, 0, 1, 14
"/home/lewis/winterwell/my-loop/web/img/LandingCharity/veganuary-logo.svg", "XML", 0, 0, 0, 0, 0, 0, 0, 0, 0, 0, 1, 0, 0, 0, 0, 0, 0, 0, 1
"/home/lewis/winterwell/my-loop/web/img/TabsForGood/About-t4g-blob.svg", "XML", 0, 0, 0, 0, 0, 0, 0, 0, 0, 0, 1, 0, 0, 0, 0, 0, 0, 0, 1
"/home/lewis/winterwell/my-loop/web/img/TabsForGood/WelcomePage/About-t4g-blob.svg", "XML", 0, 0, 0, 0, 0, 0, 0, 0, 0, 0, 1, 0, 0, 0, 0, 0, 0, 0, 1
"/home/lewis/winterwell/my-loop/web/img/TabsForGood/WelcomePage/my_good-loop_Colour_RoundLogo.svg", "XML", 0, 0, 0, 0, 0, 0, 0, 0, 0, 0, 1, 0, 0, 0, 0, 0, 0, 0, 1
"/home/lewis/winterwell/my-loop/web/img/TabsForGood/WelcomePage/our-mission-background-lg.svg", "XML", 0, 0, 0, 0, 0, 0, 0, 0, 0, 0, 1, 0, 0, 0, 0, 0, 0, 0, 1
"/home/lewis/winterwell/my-loop/web/img/TabsForGood/t4g-splash-screen-background.svg", "XML", 0, 0, 0, 0, 0, 0, 0, 0, 0, 0, 13, 0, 0, 0, 0, 0, 0, 1, 14
"/home/lewis/winterwell/my-loop/web/img/background-curve-plus-bar.svg", "XML", 0, 0, 0, 0, 0, 0, 0, 0, 0, 0, 36, 0, 0, 0, 0, 0, 0, 1, 37
"/home/lewis/winterwell/my-loop/web/img/background-curve.svg", "XML", 0, 0, 0, 0, 0, 0, 0, 0, 0, 0, 35, 0, 0, 0, 0, 0, 0, 1, 36
"/home/lewis/winterwell/my-loop/web/img/curves/curve-dark-turquoise-bottom.svg", "XML", 0, 0, 0, 0, 0, 0, 0, 0, 0, 0, 3, 0, 0, 0, 0, 0, 0, 1, 4
"/home/lewis/winterwell/my-loop/web/img/curves/curve-dark-turquoise.svg", "XML", 0, 0, 0, 0, 0, 0, 0, 0, 0, 0, 37, 0, 0, 0, 0, 0, 0, 1, 38
"/home/lewis/winterwell/my-loop/web/img/curves/curve-desat-blue-bottom.svg", "XML", 0, 0, 0, 0, 0, 0, 0, 0, 0, 0, 11, 0, 0, 0, 0, 0, 0, 0, 11
"/home/lewis/winterwell/my-loop/web/img/curves/curve-desat-blue-round-bottom.svg", "XML", 0, 0, 0, 0, 0, 0, 0, 0, 0, 0, 12, 0, 0, 0, 0, 0, 0, 1, 13
"/home/lewis/winterwell/my-loop/web/img/curves/curve-desat-blue.svg", "XML", 0, 0, 0, 0, 0, 0, 0, 0, 0, 0, 53, 0, 0, 0, 0, 0, 0, 1, 54
"/home/lewis/winterwell/my-loop/web/img/curves/curve-impact-red.svg", "XML", 0, 0, 0, 0, 0, 0, 0, 0, 0, 0, 37, 0, 0, 0, 0, 0, 0, 1, 38
"/home/lewis/winterwell/my-loop/web/img/curves/curve-light-pink.svg", "XML", 0, 0, 0, 0, 0, 0, 0, 0, 0, 0, 53, 0, 0, 0, 0, 0, 0, 1, 54
"/home/lewis/winterwell/my-loop/web/img/curves/curve-lighter-blue.svg", "XML", 0, 0, 0, 0, 0, 0, 0, 0, 0, 0, 55, 0, 0, 0, 0, 0, 0, 1, 56
"/home/lewis/winterwell/my-loop/web/img/curves/curve-pale-orange.svg", "XML", 0, 0, 0, 0, 0, 0, 0, 0, 0, 0, 55, 0, 0, 0, 0, 0, 0, 1, 56
"/home/lewis/winterwell/my-loop/web/img/curves/curve-pink.svg", "XML", 0, 0, 0, 0, 0, 0, 0, 0, 0, 0, 53, 0, 0, 0, 0, 0, 0, 1, 54
"/home/lewis/winterwell/my-loop/web/img/curves/curve-white.svg", "XML", 0, 0, 0, 0, 0, 0, 0, 0, 0, 0, 53, 0, 0, 0, 0, 0, 0, 1, 54
"/home/lewis/winterwell/my-loop/web/img/curves/mobile-curve-white.svg", "XML", 0, 0, 0, 0, 0, 0, 0, 0, 0, 0, 10, 0, 0, 0, 0, 0, 0, 1, 11
"/home/lewis/winterwell/my-loop/web/img/doinggoodfeelsgood.svg", "XML", 0, 0, 0, 0, 0, 0, 0, 0, 0, 0, 29, 0, 0, 0, 0, 0, 0, 2, 31
"/home/lewis/winterwell/my-loop/web/img/flat-bg-bar.svg", "XML", 0, 0, 0, 0, 0, 0, 0, 0, 0, 0, 40, 0, 0, 0, 0, 0, 0, 1, 41
"/home/lewis/winterwell/my-loop/web/img/footer/B-corp.svg", "XML", 0, 0, 0, 0, 0, 0, 0, 0, 0, 0, 28, 0, 0, 0, 0, 0, 0, 1, 29
"/home/lewis/winterwell/my-loop/web/img/footer/Net-carbon-negative.svg", "XML", 0, 0, 0, 0, 0, 0, 0, 0, 0, 0, 11, 0, 0, 0, 0, 0, 0, 1, 12
"/home/lewis/winterwell/my-loop/web/img/footer/newsletter-background.svg", "XML", 0, 0, 0, 0, 0, 0, 0, 0, 0, 0, 1, 0, 0, 0, 0, 0, 0, 0, 1
"/home/lewis/winterwell/my-loop/web/img/getinvolved/back-wave-lg.svg", "XML", 0, 0, 0, 0, 0, 0, 0, 0, 0, 0, 1, 0, 0, 0, 0, 0, 0, 0, 1
"/home/lewis/winterwell/my-loop/web/img/getinvolved/back-wave-s.svg", "XML", 0, 0, 0, 0, 0, 0, 0, 0, 0, 0, 1, 0, 0, 0, 0, 0, 0, 0, 1
"/home/lewis/winterwell/my-loop/web/img/getinvolved/front-wave-lg.svg", "XML", 0, 0, 0, 0, 0, 0, 0, 0, 0, 0, 1, 0, 0, 0, 0, 0, 0, 0, 1
"/home/lewis/winterwell/my-loop/web/img/getinvolved/getinvolved-background.svg", "XML", 0, 0, 0, 0, 0, 0, 0, 0, 0, 0, 1, 0, 0, 0, 0, 0, 0, 0, 1
"/home/lewis/winterwell/my-loop/web/img/getinvolved/raise-money-blob.svg", "XML", 0, 0, 0, 0, 0, 0, 0, 0, 0, 0, 1, 0, 0, 0, 0, 0, 0, 0, 1
"/home/lewis/winterwell/my-loop/web/img/getinvolved/trees-icon.svg", "XML", 0, 0, 0, 0, 0, 0, 0, 0, 0, 0, 1, 0, 0, 0, 0, 0, 0, 0, 1
"/home/lewis/winterwell/my-loop/web/img/gl-logo/AdsForGood/AdsForGood.svg", "XML", 0, 0, 0, 0, 0, 0, 0, 0, 0, 0, 181, 0, 0, 0, 0, 0, 1, 3, 185
"/home/lewis/winterwell/my-loop/web/img/gl-logo/LogoMark/logo.blue.svg", "XML", 0, 0, 0, 0, 0, 0, 0, 0, 0, 0, 79, 0, 0, 0, 0, 0, 0, 1, 80
"/home/lewis/winterwell/my-loop/web/img/gl-logo/LogoMark/logo.bw.svg", "XML", 0, 0, 0, 0, 0, 0, 0, 0, 0, 0, 57, 0, 0, 0, 0, 0, 0, 1, 58
"/home/lewis/winterwell/my-loop/web/img/gl-logo/LogoMark/logo.green.svg", "XML", 0, 0, 0, 0, 0, 0, 0, 0, 0, 0, 77, 0, 0, 0, 0, 0, 0, 1, 78
"/home/lewis/winterwell/my-loop/web/img/gl-logo/LogoMark/logo.outline.svg", "XML", 0, 0, 0, 0, 0, 0, 0, 0, 0, 0, 73, 0, 0, 0, 0, 0, 0, 1, 74
"/home/lewis/winterwell/my-loop/web/img/gl-logo/LogoMark/logo.svg", "XML", 0, 0, 0, 0, 0, 0, 0, 0, 0, 0, 77, 0, 0, 0, 0, 0, 0, 1, 78
"/home/lewis/winterwell/my-loop/web/img/gl-logo/LogoMark/logo.w-backdrop.svg", "XML", 0, 0, 0, 0, 0, 0, 0, 0, 0, 0, 92, 0, 0, 0, 0, 0, 0, 1, 93
"/home/lewis/winterwell/my-loop/web/img/gl-logo/TabsForGood/TabsForGoodLogo.svg", "XML", 0, 0, 0, 0, 0, 0, 0, 0, 0, 0, 11, 0, 0, 0, 0, 0, 0, 1, 12
"/home/lewis/winterwell/my-loop/web/img/gl-logo/external/chrome-logo.svg", "XML", 0, 0, 0, 0, 0, 0, 0, 0, 0, 0, 1, 0, 0, 0, 0, 0, 0, 0, 1
"/home/lewis/winterwell/my-loop/web/img/gl-logo/external/edge-logo.svg", "XML", 0, 0, 0, 0, 0, 0, 0, 0, 0, 0, 1, 0, 0, 0, 0, 0, 0, 1, 2
"/home/lewis/winterwell/my-loop/web/img/gl-logo/external/facebook-logo.svg", "XML", 0, 0, 0, 0, 0, 0, 0, 0, 0, 0, 56, 0, 0, 0, 0, 0, 1, 1, 58
"/home/lewis/winterwell/my-loop/web/img/gl-logo/external/github-logo.svg", "XML", 0, 0, 0, 0, 0, 0, 0, 0, 0, 0, 1, 0, 0, 0, 0, 0, 0, 0, 1
"/home/lewis/winterwell/my-loop/web/img/gl-logo/external/google-sheets-logo.svg", "XML", 0, 0, 0, 0, 0, 0, 0, 0, 0, 0, 15, 0, 0, 0, 0, 0, 1, 1, 17
"/home/lewis/winterwell/my-loop/web/img/gl-logo/external/safari-logo.svg", "XML", 0, 0, 0, 0, 0, 0, 0, 0, 0, 0, 238, 0, 0, 0, 0, 0, 1, 2, 241
"/home/lewis/winterwell/my-loop/web/img/gl-logo/external/scope3-logo.svg", "XML", 0, 0, 0, 0, 0, 0, 0, 0, 0, 0, 18, 0, 0, 0, 0, 0, 0, 1, 19
"/home/lewis/winterwell/my-loop/web/img/gl-logo/external/scope3-logo.wb.svg", "XML", 0, 0, 0, 0, 0, 0, 0, 0, 0, 0, 18, 0, 0, 0, 0, 0, 0, 1, 19
"/home/lewis/winterwell/my-loop/web/img/gl-logo/external/twitter-logo.svg", "XML", 0, 0, 0, 0, 0, 0, 0, 0, 0, 0, 1, 0, 0, 0, 0, 0, 0, 0, 1
"/home/lewis/winterwell/my-loop/web/img/gl-logo/rectangle/logo-name.bw.svg", "XML", 0, 0, 0, 0, 0, 0, 0, 0, 0, 0, 110, 0, 0, 0, 0, 0, 0, 1, 111
"/home/lewis/winterwell/my-loop/web/img/gl-logo/rectangle/logo-name.svg", "XML", 0, 0, 0, 0, 0, 0, 0, 0, 0, 0, 131, 0, 0, 0, 0, 0, 0, 1, 132
"/home/lewis/winterwell/my-loop/web/img/gl-logo/rectangle/logo-name.wb.svg", "XML", 0, 0, 0, 0, 0, 0, 0, 0, 0, 0, 110, 0, 0, 0, 0, 0, 0, 1, 111
"/home/lewis/winterwell/my-loop/web/img/good-loop-logo-alt-white-resized.svg", "XML", 0, 0, 0, 0, 0, 0, 0, 0, 0, 0, 92, 0, 0, 0, 0, 0, 0, 1, 93
"/home/lewis/winterwell/my-loop/web/img/good-loop-logo-alt-white.svg", "XML", 0, 0, 0, 0, 0, 0, 0, 0, 0, 0, 17, 0, 0, 0, 0, 0, 0, 1, 18
"/home/lewis/winterwell/my-loop/web/img/good-loop-logo-primary.svg", "XML", 0, 0, 0, 0, 0, 0, 0, 0, 0, 0, 139, 0, 0, 0, 0, 0, 0, 1, 140
"/home/lewis/winterwell/my-loop/web/img/green/dashboard-background.svg", "XML", 0, 0, 0, 0, 0, 0, 0, 0, 0, 0, 162, 0, 0, 0, 0, 0, 0, 0, 162
"/home/lewis/winterwell/my-loop/web/img/green/dashboard/impact-button.svg", "XML", 0, 0, 0, 0, 0, 0, 0, 0, 0, 0, 78, 0, 0, 0, 0, 0, 0, 1, 79
"/home/lewis/winterwell/my-loop/web/img/green/dashboard/metrics-button.svg", "XML", 0, 0, 0, 0, 0, 0, 0, 0, 0, 0, 4, 0, 0, 0, 0, 0, 0, 1, 5
"/home/lewis/winterwell/my-loop/web/img/green/dashboard/optim-button.svg", "XML", 0, 0, 0, 0, 0, 0, 0, 0, 0, 0, 4, 0, 0, 0, 0, 0, 0, 1, 5
"/home/lewis/winterwell/my-loop/web/img/green/dashboard/profile-button.svg", "XML", 0, 0, 0, 0, 0, 0, 0, 0, 0, 0, 5, 0, 0, 0, 0, 0, 0, 1, 6
"/home/lewis/winterwell/my-loop/web/img/green/dashboard/tags-button.svg", "XML", 0, 0, 0, 0, 0, 0, 0, 0, 0, 0, 4, 0, 0, 0, 0, 0, 0, 1, 5
"/home/lewis/winterwell/my-loop/web/img/green/eden-projects-logo.svg", "XML", 0, 0, 0, 0, 0, 0, 0, 0, 0, 0, 206, 0, 0, 0, 0, 0, 0, 1, 207
"/home/lewis/winterwell/my-loop/web/img/green/gl-carbon-neutral.svg", "XML", 0, 0, 0, 0, 0, 0, 0, 0, 0, 0, 210, 0, 0, 0, 0, 0, 1, 1, 212
"/home/lewis/winterwell/my-loop/web/img/green/login-background.svg", "XML", 0, 0, 0, 0, 0, 0, 0, 0, 0, 0, 32, 0, 0, 0, 0, 0, 0, 1, 33
"/home/lewis/winterwell/my-loop/web/img/green/more-info-background.svg", "XML", 0, 0, 0, 0, 0, 0, 0, 0, 0, 0, 404, 0, 0, 0, 0, 0, 0, 1, 405
"/home/lewis/winterwell/my-loop/web/img/green/tree-light.svg", "XML", 0, 0, 0, 0, 0, 0, 0, 0, 0, 0, 4, 0, 0, 0, 0, 0, 0, 1, 5
"/home/lewis/winterwell/my-loop/web/img/green/tree.svg", "XML", 0, 0, 0, 0, 0, 0, 0, 0, 0, 0, 3, 0, 0, 0, 0, 0, 0, 1, 4
"/home/lewis/winterwell/my-loop/web/img/green/world-map.svg", "XML", 0, 0, 0, 0, 0, 0, 0, 0, 0, 0, 1928, 0, 0, 0, 0, 0, 0, 1, 1929
"/home/lewis/winterwell/my-loop/web/img/heres-how-it-works-wide.svg", "XML", 0, 0, 0, 0, 0, 0, 0, 0, 0, 0, 161, 0, 0, 0, 0, 0, 0, 1, 162
"/home/lewis/winterwell/my-loop/web/img/heres-how-it-works.svg", "XML", 0, 0, 0, 0, 0, 0, 0, 0, 0, 0, 159, 0, 0, 0, 0, 0, 0, 1, 160
"/home/lewis/winterwell/my-loop/web/img/homepage/curve-2.svg", "XML", 0, 0, 0, 0, 0, 0, 0, 0, 0, 0, 12, 0, 0, 0, 0, 0, 0, 1, 13
"/home/lewis/winterwell/my-loop/web/img/homepage/curve.svg", "XML", 0, 0, 0, 0, 0, 0, 0, 0, 0, 0, 10, 0, 0, 0, 0, 0, 0, 1, 11
"/home/lewis/winterwell/my-loop/web/img/homepage/mobile-curve.svg", "XML", 0, 0, 0, 0, 0, 0, 0, 0, 0, 0, 10, 0, 0, 0, 0, 0, 0, 1, 11
"/home/lewis/winterwell/my-loop/web/img/homepage/mobile-splash-background-0.svg", "XML", 0, 0, 0, 0, 0, 0, 0, 0, 0, 0, 145, 0, 0, 0, 0, 0, 0, 1, 146
"/home/lewis/winterwell/my-loop/web/img/homepage/mobile-splash-background-2.svg", "XML", 0, 0, 0, 0, 0, 0, 0, 0, 0, 0, 14, 0, 0, 0, 0, 0, 0, 1, 15
"/home/lewis/winterwell/my-loop/web/img/homepage/movement-blob-images.svg", "XML", 0, 0, 0, 0, 0, 0, 0, 0, 0, 0, 13, 0, 0, 0, 0, 0, 0, 0, 13
"/home/lewis/winterwell/my-loop/web/img/homepage/movement-blob.svg", "XML", 0, 0, 0, 0, 0, 0, 0, 0, 0, 0, 1, 0, 0, 0, 0, 0, 0, 0, 1
"/home/lewis/winterwell/my-loop/web/img/homepage/our-mission-background-lg.svg", "XML", 0, 0, 0, 0, 0, 0, 0, 0, 0, 0, 1, 0, 0, 0, 0, 0, 0, 0, 1
"/home/lewis/winterwell/my-loop/web/img/homepage/our-mission-bground.svg", "XML", 0, 0, 0, 0, 0, 0, 0, 0, 0, 0, 1, 0, 0, 0, 0, 0, 0, 0, 1
"/home/lewis/winterwell/my-loop/web/img/homepage/our-mission-blob-with-bubbles.svg", "XML", 0, 0, 0, 0, 0, 0, 0, 0, 0, 0, 19, 0, 0, 0, 0, 0, 0, 0, 19
"/home/lewis/winterwell/my-loop/web/img/homepage/our-mission-blob.svg", "XML", 0, 0, 0, 0, 0, 0, 0, 0, 0, 0, 1, 0, 0, 0, 0, 0, 0, 0, 1
"/home/lewis/winterwell/my-loop/web/img/homepage/our-movement-background-lg.svg", "XML", 0, 0, 0, 0, 0, 0, 0, 0, 0, 0, 1, 0, 0, 0, 0, 0, 0, 0, 1
"/home/lewis/winterwell/my-loop/web/img/homepage/our-movement-bground-bg.svg", "XML", 0, 0, 0, 0, 0, 0, 0, 0, 0, 0, 1, 0, 0, 0, 0, 0, 0, 0, 1
"/home/lewis/winterwell/my-loop/web/img/homepage/our-movement-bground-front.svg", "XML", 0, 0, 0, 0, 0, 0, 0, 0, 0, 0, 1, 0, 0, 0, 0, 0, 0, 0, 1
"/home/lewis/winterwell/my-loop/web/img/homepage/our-movement-bground.svg", "XML", 0, 0, 0, 0, 0, 0, 0, 0, 0, 0, 1, 0, 0, 0, 0, 0, 0, 0, 1
"/home/lewis/winterwell/my-loop/web/img/homepage/our-movement-front-curve.svg", "XML", 0, 0, 0, 0, 0, 0, 0, 0, 0, 0, 11, 0, 0, 0, 0, 0, 0, 0, 11
"/home/lewis/winterwell/my-loop/web/img/homepage/quote-blue.svg", "XML", 0, 0, 0, 0, 0, 0, 0, 0, 0, 0, 1, 0, 0, 0, 0, 0, 0, 0, 1
"/home/lewis/winterwell/my-loop/web/img/homepage/quote-red.svg", "XML", 0, 0, 0, 0, 0, 0, 0, 0, 0, 0, 1, 0, 0, 0, 0, 0, 0, 0, 1
"/home/lewis/winterwell/my-loop/web/img/homepage/quote.svg", "XML", 0, 0, 0, 0, 0, 0, 0, 0, 0, 0, 10, 0, 0, 0, 0, 0, 0, 1, 11
"/home/lewis/winterwell/my-loop/web/img/homepage/splash-screen-bground.svg", "XML", 0, 0, 0, 0, 0, 0, 0, 0, 0, 0, 19, 0, 0, 0, 0, 0, 0, 1, 20
"/home/lewis/winterwell/my-loop/web/img/homepage/testimonial-blob-logo.svg", "XML", 0, 0, 0, 0, 0, 0, 0, 0, 0, 0, 12, 0, 0, 0, 0, 0, 0, 0, 12
"/home/lewis/winterwell/my-loop/web/img/homepage/testimonial-blob-long.svg", "XML", 0, 0, 0, 0, 0, 0, 0, 0, 0, 0, 1, 0, 0, 0, 0, 0, 0, 0, 1
"/home/lewis/winterwell/my-loop/web/img/homepage/testimonial-blob-mid.svg", "XML", 0, 0, 0, 0, 0, 0, 0, 0, 0, 0, 1, 0, 0, 0, 0, 0, 0, 0, 1
"/home/lewis/winterwell/my-loop/web/img/homepage/testimonial-blob.svg", "XML", 0, 0, 0, 0, 0, 0, 0, 0, 0, 0, 1, 0, 0, 0, 0, 0, 0, 0, 1
"/home/lewis/winterwell/my-loop/web/img/homepage/world-map-background.svg", "XML", 0, 0, 0, 0, 0, 0, 0, 0, 0, 0, 924, 0, 0, 0, 0, 0, 0, 1, 925
"/home/lewis/winterwell/my-loop/web/img/homepage/world-map.svg", "XML", 0, 0, 0, 0, 0, 0, 0, 0, 0, 0, 1, 0, 0, 0, 0, 0, 0, 0, 1
"/home/lewis/winterwell/my-loop/web/img/icons/down-arrow.svg", "XML", 0, 0, 0, 0, 0, 0, 0, 0, 0, 0, 10, 0, 0, 0, 0, 0, 0, 1, 11
"/home/lewis/winterwell/my-loop/web/img/icons/edit-icon.svg", "XML", 0, 0, 0, 0, 0, 0, 0, 0, 0, 0, 1, 0, 0, 0, 0, 0, 0, 0, 1
"/home/lewis/winterwell/my-loop/web/img/iphone-frame-16-9-padded-notch-portrait.svg", "XML", 0, 0, 0, 0, 0, 0, 0, 0, 0, 0, 61, 0, 0, 0, 0, 0, 0, 0, 61
"/home/lewis/winterwell/my-loop/web/img/iphone-frame-16-9-padded-notch.svg", "XML", 0, 0, 0, 0, 0, 0, 0, 0, 0, 0, 51, 0, 0, 0, 0, 0, 0, 0, 51
"/home/lewis/winterwell/my-loop/web/img/lightcurve.svg", "XML", 0, 0, 0, 0, 0, 0, 0, 0, 0, 0, 164, 0, 0, 0, 0, 0, 0, 1, 165
"/home/lewis/winterwell/my-loop/web/img/littleflowers.svg", "XML", 0, 0, 0, 0, 0, 0, 0, 0, 0, 0, 6, 0, 0, 0, 0, 0, 0, 2, 8
"/home/lewis/winterwell/my-loop/web/img/logo-green-dashboard.svg", "XML", 0, 0, 0, 0, 0, 0, 0, 0, 0, 0, 83, 0, 0, 0, 0, 0, 0, 1, 84
"/home/lewis/winterwell/my-loop/web/img/logo-in-pill.svg", "XML", 0, 0, 0, 0, 0, 0, 0, 0, 0, 0, 15, 0, 0, 0, 0, 0, 0, 1, 16
"/home/lewis/winterwell/my-loop/web/img/logo-white.svg", "XML", 0, 0, 0, 0, 0, 0, 0, 0, 0, 0, 62, 0, 0, 0, 0, 0, 0, 1, 63
"/home/lewis/winterwell/my-loop/web/img/logo/my-loop-logo-flat.svg", "XML", 0, 0, 0, 0, 0, 0, 0, 0, 0, 0, 30, 0, 0, 0, 0, 0, 0, 0, 30
"/home/lewis/winterwell/my-loop/web/img/logo/my-loop-logo-round.svg", "XML", 0, 0, 0, 0, 0, 0, 0, 0, 0, 0, 23, 0, 0, 0, 0, 0, 0, 0, 23
"/home/lewis/winterwell/my-loop/web/img/my_good-loop_Colour_RoundLogo.svg", "XML", 0, 0, 0, 0, 0, 0, 0, 0, 0, 0, 1, 0, 0, 0, 0, 0, 0, 0, 1
"/home/lewis/winterwell/my-loop/web/img/mydata/arrow-down-white.svg", "XML", 0, 0, 0, 0, 0, 0, 0, 0, 0, 0, 1, 0, 0, 0, 0, 0, 0, 0, 1
"/home/lewis/winterwell/my-loop/web/img/mydata/arrow-down.svg", "XML", 0, 0, 0, 0, 0, 0, 0, 0, 0, 0, 1, 0, 0, 0, 0, 0, 0, 0, 1
"/home/lewis/winterwell/my-loop/web/img/mydata/arrow-up-white.svg", "XML", 0, 0, 0, 0, 0, 0, 0, 0, 0, 0, 1, 0, 0, 0, 0, 0, 0, 0, 1
"/home/lewis/winterwell/my-loop/web/img/mydata/arrow-up.svg", "XML", 0, 0, 0, 0, 0, 0, 0, 0, 0, 0, 1, 0, 0, 0, 0, 0, 0, 0, 1
"/home/lewis/winterwell/my-loop/web/img/mydata/circle-no-tick.svg", "XML", 0, 0, 0, 0, 0, 0, 0, 0, 0, 0, 1, 0, 0, 0, 0, 0, 0, 0, 1
"/home/lewis/winterwell/my-loop/web/img/mydata/circle-tick.svg", "XML", 0, 0, 0, 0, 0, 0, 0, 0, 0, 0, 1, 0, 0, 0, 0, 0, 0, 0, 1
"/home/lewis/winterwell/my-loop/web/img/mydata/info-circle.svg", "XML", 0, 0, 0, 0, 0, 0, 0, 0, 0, 0, 1, 0, 0, 0, 0, 0, 0, 0, 1
"/home/lewis/winterwell/my-loop/web/img/mydata/plus_whitebg.svg", "XML", 0, 0, 0, 0, 0, 0, 0, 0, 0, 0, 6, 0, 0, 0, 0, 0, 0, 0, 6
"/home/lewis/winterwell/my-loop/web/img/mydata/product-page/blob-1.svg", "XML", 0, 0, 0, 0, 0, 0, 0, 0, 0, 0, 1, 0, 0, 0, 0, 0, 0, 0, 1
"/home/lewis/winterwell/my-loop/web/img/mydata/product-page/blob-2.svg", "XML", 0, 0, 0, 0, 0, 0, 0, 0, 0, 0, 1, 0, 0, 0, 0, 0, 0, 0, 1
"/home/lewis/winterwell/my-loop/web/img/mydata/product-page/blob-3.svg", "XML", 0, 0, 0, 0, 0, 0, 0, 0, 0, 0, 1, 0, 0, 0, 0, 0, 0, 0, 1
"/home/lewis/winterwell/my-loop/web/img/mydata/product-page/mydata-background.svg", "XML", 0, 0, 0, 0, 0, 0, 0, 0, 0, 0, 1, 0, 0, 0, 0, 0, 0, 0, 1
"/home/lewis/winterwell/my-loop/web/img/mydata/product-page/phone-placeholder.svg", "XML", 0, 0, 0, 0, 0, 0, 0, 0, 0, 0, 1, 0, 0, 0, 0, 0, 0, 0, 1
"/home/lewis/winterwell/my-loop/web/img/mydata/product-page/testimonial-blob.svg", "XML", 0, 0, 0, 0, 0, 0, 0, 0, 0, 0, 1, 0, 0, 0, 0, 0, 0, 0, 1
"/home/lewis/winterwell/my-loop/web/img/mydata/tick-white.svg", "XML", 0, 0, 0, 0, 0, 0, 0, 0, 0, 0, 1, 0, 0, 0, 0, 0, 0, 0, 1
"/home/lewis/winterwell/my-loop/web/img/new-logo-white.svg", "XML", 0, 0, 0, 0, 0, 0, 0, 0, 0, 0, 9, 0, 0, 0, 0, 0, 0, 0, 9
"/home/lewis/winterwell/my-loop/web/img/new-logo-with-text-white.svg", "XML", 0, 0, 0, 0, 0, 0, 0, 0, 0, 0, 17, 0, 0, 0, 0, 0, 0, 2, 19
"/home/lewis/winterwell/my-loop/web/img/new-logo-with-text.svg", "XML", 0, 0, 0, 0, 0, 0, 0, 0, 0, 0, 18, 0, 0, 0, 0, 0, 0, 2, 20
"/home/lewis/winterwell/my-loop/web/img/new-logo.svg", "XML", 0, 0, 0, 0, 0, 0, 0, 0, 0, 0, 11, 0, 0, 0, 0, 0, 0, 1, 12
"/home/lewis/winterwell/my-loop/web/img/our-mission-background-lg.svg", "XML", 0, 0, 0, 0, 0, 0, 0, 0, 0, 0, 1, 0, 0, 0, 0, 0, 0, 0, 1
"/home/lewis/winterwell/my-loop/web/img/ourimpact/ourimpact-header-background.svg", "XML", 0, 0, 0, 0, 0, 0, 0, 0, 0, 0, 1, 0, 0, 0, 0, 0, 0, 0, 1
"/home/lewis/winterwell/my-loop/web/img/ourimpact/projects-globe.svg", "XML", 0, 0, 0, 0, 0, 0, 0, 0, 0, 0, 1, 0, 0, 0, 0, 0, 0, 0, 1
"/home/lewis/winterwell/my-loop/web/img/plus.svg", "XML", 0, 0, 0, 0, 0, 0, 0, 0, 0, 0, 4, 0, 0, 0, 0, 0, 0, 1, 5
"/home/lewis/winterwell/my-loop/web/img/pub-logos/Herald.svg", "XML", 0, 0, 0, 0, 0, 0, 0, 0, 0, 0, 50, 0, 0, 0, 0, 0, 1, 0, 51
"/home/lewis/winterwell/my-loop/web/img/redcurve.svg", "XML", 0, 0, 0, 0, 0, 0, 0, 0, 0, 0, 70, 0, 0, 0, 0, 0, 0, 1, 71
"/home/lewis/winterwell/my-loop/web/img/redgirl-crop-Xflipped.svg", "XML", 0, 0, 0, 0, 0, 0, 0, 0, 0, 0, 140, 0, 0, 0, 0, 0, 0, 1, 141
"/home/lewis/winterwell/my-loop/web/img/redgirl-crop.svg", "XML", 0, 0, 0, 0, 0, 0, 0, 0, 0, 0, 32, 0, 0, 0, 0, 0, 0, 2, 34
"/home/lewis/winterwell/my-loop/web/img/redgirl-full.svg", "XML", 0, 0, 0, 0, 0, 0, 0, 0, 0, 0, 43, 0, 0, 0, 0, 0, 0, 2, 45
"/home/lewis/winterwell/my-loop/web/img/share/Email.svg", "XML", 0, 0, 0, 0, 0, 0, 0, 0, 0, 0, 1, 0, 0, 0, 0, 0, 0, 0, 1
"/home/lewis/winterwell/my-loop/web/img/share/Facebook.svg", "XML", 0, 0, 0, 0, 0, 0, 0, 0, 0, 0, 1, 0, 0, 0, 0, 0, 0, 0, 1
"/home/lewis/winterwell/my-loop/web/img/share/LinkedIn.svg", "XML", 0, 0, 0, 0, 0, 0, 0, 0, 0, 0, 1, 0, 0, 0, 0, 0, 0, 0, 1
"/home/lewis/winterwell/my-loop/web/img/share/ShareBubble.svg", "XML", 0, 0, 0, 0, 0, 0, 0, 0, 0, 0, 1, 0, 0, 0, 0, 0, 0, 0, 1
"/home/lewis/winterwell/my-loop/web/img/share/Twitter.svg", "XML", 0, 0, 0, 0, 0, 0, 0, 0, 0, 0, 1, 0, 0, 0, 0, 0, 0, 0, 1
"/home/lewis/winterwell/my-loop/web/img/splash-screen/background-0.svg", "XML", 0, 0, 0, 0, 0, 0, 0, 0, 0, 0, 139, 0, 0, 0, 0, 0, 0, 1, 140
"/home/lewis/winterwell/my-loop/web/img/splash-screen/background-2.svg", "XML", 0, 0, 0, 0, 0, 0, 0, 0, 0, 0, 10, 0, 0, 0, 0, 0, 0, 1, 11
"/home/lewis/winterwell/my-loop/web/img/splash-screen/background-loading.svg", "XML", 0, 0, 0, 0, 0, 0, 0, 0, 0, 0, 135, 0, 0, 0, 0, 0, 4, 1, 140
"/home/lewis/winterwell/my-loop/web/img/splash-screen/background-mobile.svg", "XML", 0, 0, 0, 0, 0, 0, 0, 0, 0, 0, 1, 0, 0, 0, 0, 0, 0, 0, 1
"/home/lewis/winterwell/my-loop/web/img/splash-screen/splash-screen-bground-lg.svg", "XML", 0, 0, 0, 0, 0, 0, 0, 0, 0, 0, 1, 0, 0, 0, 0, 0, 0, 0, 1
"/home/lewis/winterwell/my-loop/web/img/splash-screen/svg-bg-lg.svg", "XML", 0, 0, 0, 0, 0, 0, 0, 0, 0, 0, 1, 0, 0, 0, 0, 0, 0, 0, 1
"/home/lewis/winterwell/my-loop/web/img/vertiser-logos/bg-logo-mobile.svg", "XML", 0, 0, 0, 0, 0, 0, 0, 0, 0, 0, 74, 0, 0, 0, 0, 0, 1, 3, 78
"/home/lewis/winterwell/my-loop/web/js-data/mapdefs-AU.json", "JSON", 0, 0, 0, 0, 0, 0, 0, 0, 0, 0, 0, 19, 0, 0, 0, 0, 0, 0, 19
"/home/lewis/winterwell/my-loop/web/js-data/mapdefs-US.json", "JSON", 0, 0, 0, 0, 0, 0, 0, 0, 0, 0, 0, 71, 0, 0, 0, 0, 0, 1, 72
"/home/lewis/winterwell/my-loop/web/js-data/mapdefs-world.json", "JSON", 0, 0, 0, 0, 0, 0, 0, 0, 0, 0, 0, 230, 0, 0, 0, 0, 0, 0, 230
"/home/lewis/winterwell/my-loop/web/manifest.webmanifest", "JSON", 0, 0, 0, 0, 0, 0, 0, 0, 0, 0, 0, 28, 0, 0, 0, 0, 0, 0, 28
"/home/lewis/winterwell/my-loop/web/style/font-awesome.css", "CSS", 0, 0, 0, 0, 0, 0, 0, 0, 0, 0, 0, 0, 0, 1, 0, 0, 3, 1, 5
"/home/lewis/winterwell/my-loop/web/test/test-all.html", "HTML", 0, 0, 0, 0, 0, 0, 0, 0, 0, 0, 0, 0, 23, 0, 0, 0, 3, 8, 34
"/home/lewis/winterwell/my-loop/webpack.config.js", "JavaScript", 0, 101, 0, 0, 0, 0, 0, 0, 0, 0, 0, 0, 0, 0, 0, 0, 29, 11, 141
"Total", "-", 49, 9100, 37, 4, 8332, 253, 20016, 132, 28, 632, 12707, 446, 97, 1, 28, 2, 11483, 6438, 69785